Battery,Cycle,Fade_percentage,Current_capacity,Nominal_capacity,SOH,Capacity,Ambient_temperature,Voltage_mean,Voltage_max,Temperature_mean,Temperature_max,Time_at_max_temp,Discharge_duration
B0005,1,30,1.4,2,1.0,1.0,24,0.6693,0.0,0.4538,0.3236,1.0,3690.234
B0005,31,30,1.4,2,0.9918,0.9918,24,0.9488,0.8437,0.2139,0.18,0.9797,3470.672
B0005,32,30,1.4,2,0.9547,0.9547,24,0.9952,0.7161,0.2744,0.1891,0.9345,3414.109
B0005,33,30,1.4,2,0.9357,0.9357,24,0.994,0.7365,0.1899,0.1407,0.9162,3395.219
B0005,34,30,1.4,2,0.9171,0.9171,24,0.9734,0.6704,0.0496,0.0166,0.8889,3386.0
B0005,35,30,1.4,2,0.9088,0.9088,24,0.9517,0.7493,0.029,0.0289,0.89,3368.187
B0005,36,30,1.4,2,0.8996,0.8996,24,0.9733,0.7208,0.209,0.1476,0.8806,3368.266
B0005,37,30,1.4,2,0.8804,0.8804,24,0.9666,0.6776,0.1165,0.0749,0.8712,3358.719
B0005,38,30,1.4,2,0.8707,0.8707,24,0.9458,0.7505,0.058,0.0743,0.8528,3339.5
B0005,39,30,1.4,2,0.8533,0.8533,24,0.938,0.6822,0.0,0.0,0.8356,3331.265
B0005,40,30,1.4,2,0.8533,0.8533,24,0.9078,0.6962,0.0875,0.1637,0.8351,3321.188
B0005,41,30,1.4,2,0.8443,0.8443,24,0.9382,0.7123,0.2854,0.2598,0.8264,3321.844
B0005,42,30,1.4,2,0.8345,0.8345,24,0.9386,0.7095,0.344,0.2936,0.817,3311.828
B0005,43,30,1.4,2,0.8438,0.8438,24,0.9655,0.229,0.1871,0.1924,0.847,3327.391
B0005,44,30,1.4,2,0.8351,0.8351,24,0.9094,0.8124,0.157,0.1285,0.8175,3312.078
B0005,45,30,1.4,2,0.8159,0.8159,24,0.8847,0.67,0.0326,0.0865,0.8083,3293.172
B0005,46,30,1.4,2,0.7985,0.7985,24,0.8878,0.6964,0.0006,0.0658,0.7817,3275.328
B0005,47,30,1.4,2,0.7884,0.7884,24,0.8643,0.6722,0.0107,0.1037,0.772,3265.016
B0005,49,30,1.4,2,0.8712,0.8712,24,1.0,0.7436,0.7692,0.5711,0.8531,3329.266
B0005,50,30,1.4,2,0.8434,0.8434,24,0.9592,0.6935,0.4884,0.3786,0.8352,3301.579
B0005,51,30,1.4,2,0.8252,0.8252,24,0.9153,0.6634,0.3486,0.3152,0.8086,3283.563
B0005,52,30,1.4,2,0.8074,0.8074,24,0.8986,0.6994,0.2474,0.2209,0.7909,3275.125
B0005,53,30,1.4,2,0.7983,0.7983,24,0.8706,0.7178,0.2681,0.3067,0.7818,3265.656
B0005,54,30,1.4,2,0.789,0.789,24,0.8681,0.6883,0.4046,0.3923,0.7819,3266.093
B0005,55,30,1.4,2,0.7713,0.7713,24,0.8461,0.6569,0.3061,0.3189,0.7552,3257.594
B0005,56,30,1.4,2,0.7528,0.7528,24,0.8409,0.6034,0.2657,0.2845,0.7372,3248.593
B0005,57,30,1.4,2,0.7435,0.7435,24,0.8198,0.661,0.2359,0.2814,0.7278,3238.766
B0005,58,30,1.4,2,0.7356,0.7356,24,0.8096,0.6763,0.324,0.3669,0.729,3240.14
B0005,59,30,1.4,2,0.7255,0.7255,24,0.8184,0.6831,0.448,0.4243,0.7101,3230.109
B0005,60,30,1.4,2,0.7155,0.7155,24,0.7821,0.6838,0.391,0.4092,0.7005,3229.781
B0005,61,30,1.4,2,0.6985,0.6985,24,0.7849,0.7151,0.352,0.3572,0.6928,3212.469
B0005,62,30,1.4,2,0.6801,0.6801,24,0.7796,0.7006,0.2944,0.3412,0.675,3213.219
B0005,63,30,1.4,2,0.6803,0.6803,24,0.7484,0.6606,0.3845,0.4376,0.6658,3203.578
B0005,64,30,1.4,2,0.6612,0.6612,24,0.7567,0.5543,0.3576,0.3578,0.6573,3195.125
B0005,65,30,1.4,2,0.653,0.653,24,0.7655,0.8667,0.4516,0.4503,0.6483,3195.313
B0005,66,30,1.4,2,0.6439,0.6439,24,0.7086,0.6913,0.4147,0.4682,0.6395,3186.297
B0005,67,30,1.4,2,0.6242,0.6242,24,0.7155,0.654,0.3715,0.4203,0.6205,3176.438
B0005,68,30,1.4,2,0.6158,0.6158,24,0.6842,0.6206,0.3805,0.4483,0.6121,3167.593
B0005,69,30,1.4,2,0.6068,0.6068,24,0.6803,0.6564,0.4111,0.4693,0.5938,3167.719
B0005,70,30,1.4,2,0.598,0.598,24,0.658,0.7124,0.4274,0.4934,0.5855,3159.078
B0005,71,30,1.4,2,0.5881,0.5881,24,0.6329,0.6421,0.4277,0.5169,0.5848,3148.829
B0005,72,30,1.4,2,0.5692,0.5692,24,0.6577,0.6706,0.4175,0.4752,0.5571,3149.094
B0005,73,30,1.4,2,0.5608,0.5608,24,0.6258,0.6182,0.4291,0.5067,0.5581,3140.547
B0005,74,30,1.4,2,0.5519,0.5519,24,0.5966,0.6378,0.4318,0.5201,0.5495,3131.625
B0005,75,30,1.4,2,0.5323,0.5323,24,0.6169,0.6437,0.4116,0.4822,0.5307,3121.907
B0005,76,30,1.4,2,0.5243,0.5243,24,0.5827,0.6396,0.408,0.5031,0.5219,3122.125
B0005,77,30,1.4,2,0.5228,0.5228,24,0.5493,0.7767,0.3649,0.449,0.5211,3121.672
B0005,78,30,1.4,2,0.5414,0.5414,24,0.6068,0.8484,0.5534,0.5584,0.5392,3120.86
B0005,79,30,1.4,2,0.5049,0.5049,24,0.5606,0.5865,0.3606,0.443,0.5039,3103.828
B0005,80,30,1.4,2,0.4876,0.4876,24,0.531,0.6194,0.268,0.4005,0.4769,3095.094
B0005,81,30,1.4,2,0.4786,0.4786,24,0.5162,0.6473,0.3251,0.458,0.4772,3095.781
B0005,82,30,1.4,2,0.4781,0.4781,24,0.5012,0.5838,0.5048,0.6128,0.4764,3094.328
B0005,83,30,1.4,2,0.4696,0.4696,24,0.5132,0.6015,0.5899,0.6417,0.4683,3086.531
B0005,84,30,1.4,2,0.4594,0.4594,24,0.4775,0.5774,0.558,0.6345,0.4584,3085.625
B0005,85,30,1.4,2,0.4407,0.4407,24,0.4771,0.6655,0.4747,0.5683,0.4405,3067.203
B0005,86,30,1.4,2,0.4226,0.4226,24,0.4615,0.5442,0.3835,0.4983,0.4136,3058.157
B0005,87,30,1.4,2,0.4237,0.4237,24,0.4338,0.5381,0.4939,0.621,0.4231,3058.812
B0005,88,30,1.4,2,0.4133,0.4133,24,0.4777,0.572,0.6078,0.6703,0.4137,3058.578
B0005,89,30,1.4,2,0.4043,0.4043,24,0.4707,0.5877,0.6266,0.6855,0.4047,3049.328
B0005,91,30,1.4,2,0.4857,0.4857,24,0.5322,0.7867,0.734,0.7457,0.484,3082.937
B0005,92,30,1.4,2,0.458,0.458,24,0.5026,0.606,0.7384,0.7585,0.4575,3074.266
B0005,93,30,1.4,2,0.4304,0.4304,24,0.5199,0.6044,0.6639,0.6788,0.4305,3066.0
B0005,94,30,1.4,2,0.4209,0.4209,24,0.4504,0.5621,0.6127,0.6826,0.4211,3056.437
B0005,95,30,1.4,2,0.4033,0.4033,24,0.4594,0.5693,0.5808,0.6531,0.4039,3048.219
B0005,96,30,1.4,2,0.3944,0.3944,24,0.4352,0.5661,0.6097,0.6903,0.395,3039.218
B0005,97,30,1.4,2,0.3851,0.3851,24,0.4279,0.5503,0.6238,0.6948,0.3855,3039.047
B0005,98,30,1.4,2,0.3762,0.3762,24,0.4037,0.5605,0.6383,0.7211,0.3773,3030.375
B0005,99,30,1.4,2,0.3574,0.3574,24,0.4345,0.5122,0.63,0.6888,0.3587,3021.0
B0005,100,30,1.4,2,0.3487,0.3487,24,0.4257,0.5317,0.6523,0.7085,0.3502,3021.75
B0005,101,30,1.4,2,0.3391,0.3391,24,0.4083,0.5236,0.6573,0.7215,0.3411,3012.265
B0005,102,30,1.4,2,0.33,0.33,24,0.397,0.5483,0.6577,0.7245,0.3316,3002.641
B0005,103,30,1.4,2,0.3488,0.3488,24,0.3479,0.0848,0.6833,0.7629,0.35,3012.0
B0005,104,30,1.4,2,0.3667,0.3667,24,0.4329,1.0,0.8975,0.8763,0.3676,3020.11
B0005,105,30,1.4,2,0.3398,0.3398,24,0.3807,0.5691,0.856,0.876,0.3412,3002.172
B0005,106,30,1.4,2,0.3204,0.3204,24,0.3828,0.5748,0.8057,0.8333,0.3224,2992.703
B0005,107,30,1.4,2,0.2925,0.2925,24,0.3315,0.0591,0.7279,0.7917,0.2954,2964.468
B0005,108,30,1.4,2,0.2929,0.2929,24,0.3574,0.4846,0.7365,0.7942,0.2949,2983.375
B0005,109,30,1.4,2,0.2945,0.2945,24,0.3261,0.5383,0.8473,0.8931,0.2965,2975.297
B0005,110,30,1.4,2,0.284,0.284,24,0.3242,0.4329,0.8996,0.9306,0.2868,2974.985
B0005,111,30,1.4,2,0.2657,0.2657,24,0.3414,0.4939,0.8016,0.834,0.269,2966.25
B0005,112,30,1.4,2,0.2566,0.2566,24,0.3222,0.4772,0.7526,0.812,0.2594,2956.359
B0005,113,30,1.4,2,0.2565,0.2565,24,0.2935,0.4944,0.8561,0.9073,0.2594,2956.344
B0005,114,30,1.4,2,0.2471,0.2471,24,0.3203,0.4187,0.9427,0.9513,0.2504,2956.406
B0005,115,30,1.4,2,0.2381,0.2381,24,0.3073,0.4678,0.8968,0.9193,0.2418,2947.266
B0005,116,30,1.4,2,0.2284,0.2284,24,0.2764,0.4171,0.8333,0.8855,0.2325,2937.984
B0005,117,30,1.4,2,0.2196,0.2196,24,0.2531,0.4463,0.7766,0.8594,0.2236,2929.125
B0005,118,30,1.4,2,0.2199,0.2199,24,0.2375,0.4738,0.8742,0.9426,0.2236,2928.454
B0005,119,30,1.4,2,0.2111,0.2111,24,0.2845,0.4672,0.9936,0.9962,0.2148,2929.375
B0005,121,30,1.4,2,0.265,0.265,24,0.3209,0.8502,1.0,0.9759,0.2681,2955.438
B0005,122,30,1.4,2,0.2283,0.2283,24,0.3039,0.4786,0.8846,0.8826,0.2321,2937.625
B0005,123,30,1.4,2,0.2101,0.2101,24,0.2804,0.4765,0.7798,0.8186,0.2144,2929.078
B0005,124,30,1.4,2,0.1999,0.1999,24,0.2497,0.4578,0.7569,0.8259,0.2045,2918.375
B0005,125,30,1.4,2,0.192,0.192,24,0.2327,0.427,0.76,0.8378,0.1966,2919.812
B0005,126,30,1.4,2,0.1825,0.1825,24,0.2189,0.4131,0.7524,0.8327,0.1874,2900.422
B0005,127,30,1.4,2,0.1736,0.1736,24,0.2021,0.3769,0.7452,0.8365,0.1788,2901.375
B0005,128,30,1.4,2,0.1634,0.1634,24,0.195,0.3492,0.7094,0.8075,0.1689,2901.187
B0005,129,30,1.4,2,0.1543,0.1543,24,0.1994,0.445,0.6913,0.7911,0.1599,2891.64
B0005,130,30,1.4,2,0.146,0.146,24,0.1643,0.2524,0.7057,0.8166,0.1516,2882.906
B0005,131,30,1.4,2,0.146,0.146,24,0.1468,0.3851,0.724,0.8442,0.1516,2883.265
B0005,132,30,1.4,2,0.1358,0.1358,24,0.148,0.3605,0.7024,0.8251,0.142,2882.969
B0005,134,30,1.4,2,0.1734,0.1734,24,0.2508,0.7799,0.9345,0.9448,0.1787,2901.25
B0005,135,30,1.4,2,0.1448,0.1448,24,0.222,0.5887,0.8786,0.9211,0.1507,2891.703
B0005,136,30,1.4,2,0.1359,0.1359,24,0.1502,0.372,0.826,0.9217,0.142,2883.016
B0005,137,30,1.4,2,0.1175,0.1175,24,0.1756,0.3756,0.7282,0.8394,0.1239,2873.453
B0005,138,30,1.4,2,0.1181,0.1181,24,0.1661,0.3893,0.8628,0.9463,0.1243,2874.031
B0005,139,30,1.4,2,0.1182,0.1182,24,0.1433,0.3816,0.9342,1.0,0.1245,2874.234
B0005,140,30,1.4,2,0.1087,0.1087,24,0.1278,0.4198,0.8559,0.9525,0.1154,2864.984
B0005,141,30,1.4,2,0.0997,0.0997,24,0.0951,0.451,0.7605,0.8943,0.1066,2855.093
B0005,142,30,1.4,2,0.0906,0.0906,24,0.0876,0.3839,0.7193,0.8747,0.0974,2855.625
B0005,143,30,1.4,2,0.0904,0.0904,24,0.0958,0.3973,0.8291,0.9562,0.0971,2855.594
B0005,144,30,1.4,2,0.0818,0.0818,24,0.1165,0.4154,0.8363,0.9389,0.0889,2847.437
B0005,145,30,1.4,2,0.0724,0.0724,24,0.0841,0.3561,0.7541,0.8893,0.0799,2847.36
B0005,146,30,1.4,2,0.0628,0.0628,24,0.0748,0.3745,0.6711,0.8379,0.0703,2837.328
B0005,147,30,1.4,2,0.054,0.054,24,0.0874,0.3855,0.6501,0.8196,0.0614,2837.281
B0005,148,30,1.4,2,0.0545,0.0545,24,0.0996,0.3396,0.7799,0.9153,0.0618,2838.515
B0005,149,30,1.4,2,0.0542,0.0542,24,0.0623,0.4029,0.7717,0.9162,0.0617,2828.328
B0005,151,30,1.4,2,0.1277,0.1277,24,0.1295,0.8587,0.7908,0.8894,0.1336,2864.547
B0005,152,30,1.4,2,0.0915,0.0915,24,0.1208,0.371,0.7895,0.8893,0.0981,2846.39
B0005,153,30,1.4,2,0.0731,0.0731,24,0.1199,0.3746,0.7305,0.8405,0.0801,2837.969
B0005,154,30,1.4,2,0.0637,0.0637,24,0.1082,0.4291,0.7097,0.8363,0.071,2838.156
B0005,155,30,1.4,2,0.0548,0.0548,24,0.0842,0.3789,0.694,0.8362,0.0624,2829.843
B0005,156,30,1.4,2,0.0457,0.0457,24,0.0906,0.3792,0.6862,0.829,0.0442,2829.625
B0005,157,30,1.4,2,0.0453,0.0453,24,0.0569,0.4279,0.6963,0.8501,0.0531,2819.437
B0005,158,30,1.4,2,0.0358,0.0358,24,0.061,0.3627,0.6782,0.8337,0.0437,2819.579
B0005,159,30,1.4,2,0.0274,0.0274,24,0.0686,0.3389,0.6736,0.8267,0.0352,2810.672
B0005,160,30,1.4,2,0.028,0.028,24,0.0416,0.3444,0.7028,0.8621,0.0359,2811.485
B0005,161,30,1.4,2,0.028,0.028,24,0.0086,0.3694,0.7268,0.8971,0.0362,2802.422
B0005,162,30,1.4,2,0.0183,0.0183,24,0.0391,0.3584,0.7334,0.8834,0.0265,2801.625
B0005,163,30,1.4,2,0.0187,0.0187,24,0.0,0.403,0.7162,0.8936,0.0268,2802.031
B0005,164,30,1.4,2,0.0106,0.0106,24,0.0248,0.4535,0.7107,0.8721,0.0183,2793.39
B0005,165,30,1.4,2,0.001,0.001,24,0.0456,0.3639,0.7271,0.8718,0.0,2793.39
B0005,166,30,1.4,2,0.0,0.0,24,0.0283,0.3849,0.7463,0.8941,0.0082,2792.485
B0005,168,30,1.4,2,0.0661,0.0661,24,0.1165,0.9228,0.9261,0.8906,0.0634,2820.39
B0007,1,30,1.4,2,1.0,1.0,24,0.5595,0.3281,0.6,0.5455,1.0,3690.234
B0007,2,30,1.4,2,0.9788,0.9788,24,0.6462,0.2338,0.6456,0.4593,0.9799,3672.344
B0007,3,30,1.4,2,0.9788,0.9788,24,0.6676,0.2119,0.6242,0.4633,0.9798,3651.641
B0007,4,30,1.4,2,0.979,0.979,24,0.6722,0.2106,0.5718,0.4679,0.98,3631.563
B0007,5,30,1.4,2,0.9764,0.9764,24,0.6688,0.2294,0.5369,0.4616,0.9776,3629.172
B0007,6,30,1.4,2,0.9789,0.9789,24,0.7266,0.182,0.5443,0.3069,0.9577,3652.281
B0007,7,30,1.4,2,0.9773,0.9773,24,0.7266,0.1873,0.573,0.3402,0.9564,3650.828
B0007,8,30,1.4,2,0.9805,0.9805,24,0.799,0.3162,0.5312,0.3622,0.9597,3572.453
B0007,9,30,1.4,2,0.9565,0.9565,24,0.8062,0.3009,0.4988,0.3788,0.9578,3550.594
B0007,10,30,1.4,2,0.9572,0.9572,24,0.7875,0.2766,0.4715,0.405,0.9586,3551.25
B0007,11,30,1.4,2,0.9572,0.9572,24,0.79,0.2646,0.4225,0.4231,0.9581,3530.25
B0007,12,30,1.4,2,0.936,0.936,24,0.8565,0.2754,0.5011,0.437,0.937,3491.016
B0007,13,30,1.4,2,0.9348,0.9348,24,0.8952,0.2855,0.4659,0.3957,0.9365,3470.281
B0007,14,30,1.4,2,0.9347,0.9347,24,0.8586,0.1954,0.4082,0.4346,0.9362,3470.0
B0007,15,30,1.4,2,0.9354,0.9354,24,0.9326,0.3051,0.3543,0.2509,0.9143,3450.297
B0007,16,30,1.4,2,0.9341,0.9341,24,0.9384,0.289,0.301,0.2776,0.9135,3429.407
B0007,17,30,1.4,2,0.9119,0.9119,24,0.943,0.2816,0.2902,0.2946,0.8914,3409.484
B0007,18,30,1.4,2,0.9133,0.9133,24,1.0,0.2345,0.2911,0.1893,0.8702,3390.422
B0007,19,30,1.4,2,0.913,0.913,24,0.9778,0.2086,0.2954,0.2382,0.8701,3390.281
B0007,20,30,1.4,2,0.9791,0.9791,24,0.7726,0.0191,0.4904,0.3807,0.9808,3591.734
B0007,21,30,1.4,2,0.9805,0.9805,24,0.8316,0.0856,0.5909,0.4731,0.9821,3552.297
B0007,22,30,1.4,2,0.9797,0.9797,24,0.8904,0.0964,0.4275,0.2243,0.9595,3531.578
B0007,23,30,1.4,2,0.9591,0.9591,24,0.8871,0.0803,0.2708,0.249,0.9614,3492.907
B0007,24,30,1.4,2,0.9575,0.9575,24,0.8245,0.0554,0.243,0.2979,0.9597,3511.594
B0007,25,30,1.4,2,0.9585,0.9585,24,0.9849,0.102,0.1546,0.0963,0.9163,3431.937
B0007,26,30,1.4,2,0.9359,0.9359,24,0.9409,0.0442,0.1248,0.1614,0.9154,3431.125
B0007,27,30,1.4,2,0.9368,0.9368,24,0.9894,0.0695,0.0767,0.047,0.8946,3412.406
B0007,28,30,1.4,2,0.935,0.935,24,0.9605,0.0603,0.0616,0.0948,0.8927,3410.688
B0007,29,30,1.4,2,0.9125,0.9125,24,0.9314,0.0971,0.0801,0.1684,0.8927,3410.718
B0007,30,30,1.4,2,0.9147,0.9147,24,0.9694,0.0,0.0765,0.0883,0.8728,3392.719
B0007,31,30,1.4,2,0.9845,0.9845,24,0.9313,1.0,0.1913,0.12,0.9484,3470.672
B0007,32,30,1.4,2,0.9425,0.9425,24,0.9733,0.6806,0.2612,0.1446,0.8965,3414.109
B0007,33,30,1.4,2,0.9206,0.9206,24,0.9672,0.6624,0.1538,0.0521,0.8755,3395.219
B0007,34,30,1.4,2,0.9101,0.9101,24,0.928,0.6389,0.0025,0.0275,0.8653,3386.0
B0007,36,30,1.4,2,0.8902,0.8902,24,0.9384,0.6091,0.1953,0.1427,0.8456,3368.266
B0007,37,30,1.4,2,0.879,0.879,24,0.9104,0.6431,0.08,0.0879,0.835,3358.719
B0007,38,30,1.4,2,0.8575,0.8575,24,0.9301,0.6756,0.0,0.0,0.8137,3339.5
B0007,40,30,1.4,2,0.8376,0.8376,24,0.9177,0.6384,0.0267,0.0751,0.7934,3321.188
B0007,41,30,1.4,2,0.8381,0.8381,24,0.9167,0.6817,0.2371,0.212,0.7941,3321.844
B0007,42,30,1.4,2,0.8267,0.8267,24,0.921,0.6533,0.3089,0.2364,0.783,3311.828
B0007,43,30,1.4,2,0.8413,0.8413,24,0.9259,0.0088,0.1627,0.2161,0.8002,3327.391
B0007,44,30,1.4,2,0.8272,0.8272,24,0.8952,0.8038,0.0459,0.0291,0.7832,3312.078
B0007,49,30,1.4,2,0.8464,0.8464,24,0.9875,0.703,0.7663,0.4859,0.8023,3329.266
B0007,50,30,1.4,2,0.8149,0.8149,24,0.9494,0.6443,0.4587,0.3047,0.7716,3301.579
B0007,51,30,1.4,2,0.7949,0.7949,24,0.92,0.6891,0.3238,0.2561,0.7516,3283.563
B0007,52,30,1.4,2,0.7743,0.7743,24,0.8824,0.6227,0.2236,0.2398,0.7422,3275.125
B0007,53,30,1.4,2,0.7641,0.7641,24,0.8621,0.686,0.26,0.3189,0.7317,3265.656
B0007,54,30,1.4,2,0.7538,0.7538,24,0.8475,0.6338,0.4026,0.4022,0.7212,3266.093
B0007,55,30,1.4,2,0.733,0.733,24,0.8267,0.6227,0.3043,0.3035,0.7119,3257.594
B0007,56,30,1.4,2,0.7118,0.7118,24,0.7792,0.498,0.2753,0.3516,0.691,3248.593
B0007,57,30,1.4,2,0.7118,0.7118,24,0.7759,0.6158,0.2375,0.3245,0.7019,3238.766
B0007,58,30,1.4,2,0.7024,0.7024,24,0.7582,0.599,0.3315,0.4103,0.6708,3240.14
B0007,59,30,1.4,2,0.6914,0.6914,24,0.7734,0.6141,0.4691,0.456,0.6596,3230.109
B0007,60,30,1.4,2,0.6688,0.6688,24,0.7237,0.5949,0.4006,0.4624,0.6485,3229.781
B0007,61,30,1.4,2,0.6593,0.6593,24,0.7426,0.6759,0.3573,0.3649,0.6291,3212.469
B0007,62,30,1.4,2,0.6391,0.6391,24,0.6823,0.6344,0.2921,0.4063,0.6192,3213.219
B0007,63,30,1.4,2,0.639,0.639,24,0.7099,0.6538,0.4135,0.4542,0.6193,3203.578
B0007,64,30,1.4,2,0.618,0.618,24,0.6713,0.5153,0.3901,0.4252,0.61,3195.125
B0007,65,30,1.4,2,0.6188,0.6188,24,0.6872,0.7873,0.485,0.4947,0.5992,3195.313
B0007,66,30,1.4,2,0.5975,0.5975,24,0.6747,0.5865,0.4347,0.4403,0.5784,3186.297
B0007,67,30,1.4,2,0.5854,0.5854,24,0.6553,0.5673,0.3888,0.4295,0.5564,3176.438
B0007,68,30,1.4,2,0.5761,0.5761,24,0.6481,0.6246,0.3942,0.4406,0.5467,3167.593
B0007,69,30,1.4,2,0.5656,0.5656,24,0.6365,0.5986,0.4307,0.4642,0.5362,3167.719
B0007,70,30,1.4,2,0.556,0.556,24,0.6266,0.6489,0.4426,0.4725,0.5374,3159.078
B0007,71,30,1.4,2,0.5442,0.5442,24,0.6134,0.5875,0.4341,0.4742,0.515,3148.829
B0007,72,30,1.4,2,0.5337,0.5337,24,0.5993,0.5993,0.4362,0.4782,0.5046,3149.094
B0007,73,30,1.4,2,0.5238,0.5238,24,0.5813,0.5669,0.4429,0.5039,0.506,3140.547
B0007,74,30,1.4,2,0.5138,0.5138,24,0.5669,0.5289,0.4406,0.5121,0.496,3131.625
B0007,75,30,1.4,2,0.503,0.503,24,0.5619,0.5636,0.4225,0.4961,0.4742,3121.907
B0007,76,30,1.4,2,0.481,0.481,24,0.5332,0.5715,0.4179,0.5069,0.4745,3122.125
B0007,77,30,1.4,2,0.4806,0.4806,24,0.5227,0.8248,0.3621,0.4598,0.4633,3121.672
B0007,78,30,1.4,2,0.4906,0.4906,24,0.5527,0.7548,0.5525,0.5599,0.4731,3120.86
B0007,79,30,1.4,2,0.4711,0.4711,24,0.5178,0.5658,0.3331,0.3789,0.4434,3103.828
B0007,80,30,1.4,2,0.45,0.45,24,0.4766,0.5462,0.2676,0.4345,0.4445,3095.094
B0007,81,30,1.4,2,0.4402,0.4402,24,0.4806,0.5883,0.3319,0.4871,0.4236,3095.781
B0007,82,30,1.4,2,0.439,0.439,24,0.4767,0.5088,0.5169,0.6217,0.4328,3094.328
B0007,83,30,1.4,2,0.4408,0.4408,24,0.4996,0.5309,0.6063,0.6148,0.413,3086.531
B0007,84,30,1.4,2,0.4289,0.4289,24,0.4848,0.5355,0.5755,0.5944,0.4123,3085.625
B0007,85,30,1.4,2,0.4081,0.4081,24,0.4522,0.6214,0.4626,0.5435,0.4023,3067.203
B0007,86,30,1.4,2,0.3984,0.3984,24,0.4048,0.5168,0.3732,0.557,0.3927,3058.157
B0007,87,30,1.4,2,0.399,0.399,24,0.4478,0.5035,0.4956,0.5873,0.3825,3058.812
B0007,88,30,1.4,2,0.3982,0.3982,24,0.4504,0.5216,0.6256,0.6699,0.3715,3058.578
B0007,89,30,1.4,2,0.3877,0.3877,24,0.4129,0.5086,0.6494,0.7582,0.3827,3049.328
B0007,91,30,1.4,2,0.4597,0.4597,24,0.5384,0.7504,0.7187,0.7354,0.4528,3082.937
B0007,92,30,1.4,2,0.4388,0.4388,24,0.4951,0.5716,0.7301,0.7568,0.4324,3074.266
B0007,93,30,1.4,2,0.4183,0.4183,24,0.4683,0.5283,0.658,0.7178,0.4123,3066.0
B0007,94,30,1.4,2,0.3965,0.3965,24,0.4615,0.4921,0.5889,0.6402,0.3906,3056.437
B0007,95,30,1.4,2,0.3872,0.3872,24,0.4377,0.5348,0.5593,0.6495,0.3816,3048.219
B0007,96,30,1.4,2,0.3769,0.3769,24,0.4351,0.5433,0.5813,0.6592,0.3715,3039.218
B0007,97,30,1.4,2,0.3659,0.3659,24,0.4257,0.4933,0.601,0.6559,0.3604,3039.047
B0007,98,30,1.4,2,0.3562,0.3562,24,0.4215,0.5478,0.611,0.6652,0.3509,3030.375
B0007,99,30,1.4,2,0.3452,0.3452,24,0.412,0.4908,0.6092,0.6661,0.3294,3021.0
B0007,100,30,1.4,2,0.3461,0.3461,24,0.415,0.4993,0.63,0.6578,0.3197,3021.75
B0007,101,30,1.4,2,0.3359,0.3359,24,0.3681,0.4749,0.6401,0.7432,0.3308,3012.265
B0007,102,30,1.4,2,0.3245,0.3245,24,0.3777,0.5178,0.632,0.7143,0.32,3002.641
B0007,103,30,1.4,2,0.3354,0.3354,24,0.371,0.0099,0.6465,0.7089,0.3195,3012.0
B0007,104,30,1.4,2,0.3557,0.3557,24,0.4357,0.8773,0.9065,0.8865,0.3507,3020.11
B0007,105,30,1.4,2,0.336,0.336,24,0.3895,0.5204,0.8597,0.8879,0.3308,3002.172
B0007,106,30,1.4,2,0.3247,0.3247,24,0.4125,0.5585,0.7971,0.7782,0.309,2992.703
B0007,107,30,1.4,2,0.3046,0.3046,24,0.3532,0.3633,0.7129,0.8196,0.2994,2964.468
B0007,108,30,1.4,2,0.2923,0.2923,24,0.3687,0.4583,0.732,0.7655,0.2878,2983.375
B0007,109,30,1.4,2,0.2947,0.2947,24,0.3596,0.531,0.8426,0.8752,0.2899,2975.297
B0007,110,30,1.4,2,0.2938,0.2938,24,0.3765,0.4859,0.8961,0.8565,0.2785,2974.985
B0007,111,30,1.4,2,0.2728,0.2728,24,0.3432,0.4536,0.8008,0.816,0.2688,2966.25
B0007,112,30,1.4,2,0.2615,0.2615,24,0.3334,0.4119,0.7475,0.7964,0.258,2956.359
B0007,113,30,1.4,2,0.2619,0.2619,24,0.3315,0.5473,0.8441,0.8713,0.2578,2956.344
B0007,114,30,1.4,2,0.2622,0.2622,24,0.3074,0.4402,0.9558,0.9759,0.2581,2956.406
B0007,115,30,1.4,2,0.2516,0.2516,24,0.3034,0.397,0.9046,0.9239,0.2482,2947.266
B0007,116,30,1.4,2,0.241,0.241,24,0.2985,0.4406,0.8225,0.862,0.2376,2937.984
B0007,117,30,1.4,2,0.2307,0.2307,24,0.2821,0.4116,0.7572,0.832,0.2276,2929.125
B0007,118,30,1.4,2,0.2306,0.2306,24,0.2854,0.4684,0.8598,0.9102,0.2271,2928.454
B0007,119,30,1.4,2,0.2313,0.2313,24,0.2902,0.5187,1.0,1.0,0.228,2929.375
B0007,121,30,1.4,2,0.2827,0.2827,24,0.3894,0.8157,0.9089,0.7751,0.2676,2955.438
B0007,122,30,1.4,2,0.2511,0.2511,24,0.306,0.4712,0.8064,0.7933,0.2479,2937.625
B0007,123,30,1.4,2,0.2306,0.2306,24,0.2955,0.4751,0.6868,0.6887,0.2276,2929.078
B0007,124,30,1.4,2,0.2188,0.2188,24,0.284,0.449,0.6533,0.6759,0.2158,2918.375
B0007,125,30,1.4,2,0.2094,0.2094,24,0.2703,0.473,0.6593,0.6785,0.2067,2919.812
B0007,126,30,1.4,2,0.1985,0.1985,24,0.2732,0.4181,0.6384,0.6604,0.1961,2900.422
B0007,127,30,1.4,2,0.1883,0.1883,24,0.2617,0.4014,0.6343,0.6515,0.1859,2901.375
B0007,128,30,1.4,2,0.1874,0.1874,24,0.2491,0.3906,0.5984,0.6223,0.1749,2901.187
B0007,129,30,1.4,2,0.1774,0.1774,24,0.204,0.4194,0.5806,0.6769,0.1752,2891.64
B0007,130,30,1.4,2,0.1673,0.1673,24,0.2136,0.404,0.5836,0.6559,0.1656,2882.906
B0007,131,30,1.4,2,0.1678,0.1678,24,0.2236,0.3645,0.5996,0.6279,0.1441,2883.265
B0007,132,30,1.4,2,0.156,0.156,24,0.1841,0.4179,0.5844,0.6695,0.1543,2882.969
B0007,134,30,1.4,2,0.1991,0.1991,24,0.28,0.6982,0.7829,0.6857,0.186,2901.25
B0007,135,30,1.4,2,0.1664,0.1664,24,0.2349,0.5734,0.7236,0.6771,0.1645,2891.703
B0007,136,30,1.4,2,0.1563,0.1563,24,0.1786,0.3844,0.6526,0.6833,0.1548,2883.016
B0007,137,30,1.4,2,0.146,0.146,24,0.1554,0.3531,0.5617,0.6471,0.1442,2873.453
B0007,138,30,1.4,2,0.1463,0.1463,24,0.2055,0.3612,0.6898,0.6569,0.1338,2874.031
B0007,139,30,1.4,2,0.1357,0.1357,24,0.1896,0.4098,0.7799,0.7305,0.1344,2874.234
B0007,140,30,1.4,2,0.125,0.125,24,0.1775,0.3923,0.6909,0.6799,0.1237,2864.984
B0007,141,30,1.4,2,0.1146,0.1146,24,0.1435,0.3677,0.5789,0.6202,0.1136,2855.093
B0007,142,30,1.4,2,0.1038,0.1038,24,0.1383,0.3345,0.53,0.5819,0.1027,2855.625
B0007,143,30,1.4,2,0.1043,0.1043,24,0.1477,0.3715,0.6461,0.6607,0.1027,2855.594
B0007,144,30,1.4,2,0.0945,0.0945,24,0.1589,0.3723,0.6607,0.625,0.0934,2847.437
B0007,145,30,1.4,2,0.0944,0.0944,24,0.0943,0.4158,0.5827,0.6588,0.0935,2847.36
B0007,146,30,1.4,2,0.0834,0.0834,24,0.0726,0.3334,0.4896,0.6043,0.0825,2837.328
B0007,147,30,1.4,2,0.073,0.073,24,0.0899,0.3482,0.4644,0.5614,0.072,2837.281
B0007,148,30,1.4,2,0.0741,0.0741,24,0.0871,0.3093,0.5913,0.6433,0.0621,2838.515
B0007,149,30,1.4,2,0.0731,0.0731,24,0.073,0.3844,0.5949,0.6819,0.0722,2828.328
B0007,151,30,1.4,2,0.1361,0.1361,24,0.1975,0.6312,0.6052,0.5819,0.1234,2864.547
B0007,152,30,1.4,2,0.1048,0.1048,24,0.1259,0.2984,0.6163,0.6498,0.1035,2846.39
B0007,153,30,1.4,2,0.0952,0.0952,24,0.1438,0.3416,0.5509,0.5545,0.0833,2837.969
B0007,154,30,1.4,2,0.0843,0.0843,24,0.1257,0.3789,0.5284,0.5452,0.0725,2838.156
B0007,155,30,1.4,2,0.0635,0.0635,24,0.1073,0.3138,0.507,0.5439,0.0625,2829.843
B0007,156,30,1.4,2,0.0639,0.0639,24,0.0491,0.2948,0.5165,0.6222,0.0632,2829.625
B0007,157,30,1.4,2,0.0526,0.0526,24,0.0835,0.3425,0.51,0.5614,0.0517,2819.437
B0007,158,30,1.4,2,0.0522,0.0522,24,0.0847,0.2991,0.4948,0.5301,0.0409,2819.579
B0007,159,30,1.4,2,0.0424,0.0424,24,0.0376,0.2857,0.5026,0.6057,0.042,2810.672
B0007,160,30,1.4,2,0.0324,0.0324,24,0.0705,0.3647,0.5226,0.5593,0.032,2811.485
B0007,161,30,1.4,2,0.0329,0.0329,24,0.02,0.2501,0.5452,0.6447,0.0327,2802.422
B0007,162,30,1.4,2,0.0212,0.0212,24,0.0554,0.3031,0.5595,0.5868,0.0212,2801.625
B0007,163,30,1.4,2,0.0215,0.0215,24,0.008,0.2759,0.5428,0.6353,0.0214,2802.031
B0007,164,30,1.4,2,0.0117,0.0117,24,0.0367,0.3182,0.5353,0.585,0.0117,2793.39
B0007,165,30,1.4,2,0.012,0.012,24,0.0,0.2801,0.5727,0.6548,0.0119,2793.39
B0007,166,30,1.4,2,0.0,0.0,24,0.0324,0.2254,0.5805,0.6016,0.0,2792.485
B0007,168,30,1.4,2,0.0652,0.0652,24,0.1525,0.8606,0.7225,0.5412,0.0637,2820.39
B0018,1,30,1.4,2,1.0,1.0,24,0.8059,0.4852,0.8699,0.6901,1.0,3434.891
B0018,2,30,1.4,2,0.977,0.977,24,0.8768,0.3416,0.9489,0.7092,0.9777,3425.485
B0018,3,30,1.4,2,0.97,0.97,24,0.9099,0.5445,0.6323,0.4606,0.9714,3410.375
B0018,4,30,1.4,2,0.9527,0.9527,24,0.9046,0.5506,0.3741,0.2756,0.9536,3404.719
B0018,5,30,1.4,2,0.9566,0.9566,24,0.9529,0.6501,0.9637,0.7336,0.9561,3417.641
B0018,6,30,1.4,2,0.9485,0.9485,24,0.9766,0.708,1.0,0.7193,0.949,3411.766
B0018,7,30,1.4,2,0.9342,0.9342,24,1.0,0.6901,0.7977,0.506,0.9236,3399.516
B0018,8,30,1.4,2,0.9225,0.9225,24,0.9737,0.688,0.6173,0.4005,0.9111,3388.75
B0018,9,30,1.4,2,0.9013,0.9013,24,0.9608,0.5162,0.5252,0.3659,0.9006,3380.406
B0018,10,30,1.4,2,0.9379,0.9379,24,0.9574,0.8316,0.5358,0.4595,0.9384,3404.141
B0018,11,30,1.4,2,0.9166,0.9166,24,0.9771,0.7262,0.7344,0.5394,0.9171,3396.141
B0018,12,30,1.4,2,0.9021,0.9021,24,0.9759,0.6843,0.6292,0.4155,0.8918,3384.094
B0018,13,30,1.4,2,0.8752,0.8752,24,0.9667,0.6305,0.412,0.2295,0.8645,3370.656
B0018,14,30,1.4,2,0.8608,0.8608,24,0.9398,0.5005,0.228,0.1336,0.8495,3357.797
B0018,15,30,1.4,2,0.8559,0.8559,24,0.9386,1.0,0.3765,0.3026,0.8542,3363.015
B0018,16,30,1.4,2,0.837,0.837,24,0.9392,0.6818,0.7023,0.5244,0.8359,3357.734
B0018,17,30,1.4,2,0.8319,0.8319,24,0.9537,0.7318,0.7374,0.5033,0.8206,3344.187
B0018,18,30,1.4,2,0.8028,0.8028,24,0.9391,0.6315,0.5258,0.3114,0.791,3339.969
B0018,19,30,1.4,2,0.7883,0.7883,24,0.8786,0.4313,0.2519,0.166,0.7766,3327.641
B0018,20,30,1.4,2,0.7717,0.7717,24,0.8556,0.7556,0.073,0.0674,0.7713,3312.844
B0018,21,30,1.4,2,0.7597,0.7597,24,0.8619,0.726,0.0,0.0,0.7465,3302.031
B0018,22,30,1.4,2,0.7151,0.7151,24,0.8044,0.2621,0.0773,0.0614,0.7129,3305.547
B0018,23,30,1.4,2,0.7207,0.7207,24,0.8259,0.4769,0.0571,0.0416,0.7066,3289.562
B0018,24,30,1.4,2,0.713,0.713,24,0.8198,0.4955,0.0116,0.002,0.6994,3283.797
B0018,25,30,1.4,2,0.7942,0.7942,24,0.8519,0.6228,0.0633,0.1069,0.7816,3325.235
B0018,26,30,1.4,2,0.7622,0.7622,24,0.8535,0.6734,0.4549,0.4028,0.76,3317.547
B0018,27,30,1.4,2,0.7417,0.7417,24,0.8912,0.5772,0.6837,0.4892,0.7279,3311.766
B0018,28,30,1.4,2,0.7215,0.7215,24,0.8641,0.6234,0.6668,0.4741,0.7076,3305.218
B0018,29,30,1.4,2,0.697,0.697,24,0.8007,0.4366,0.5547,0.4584,0.6951,3295.453
B0018,30,30,1.4,2,0.6868,0.6868,24,0.8225,0.6796,0.4645,0.3378,0.6722,3287.0
B0018,31,30,1.4,2,0.6632,0.6632,24,0.8086,0.6374,0.496,0.3839,0.6478,3276.922
B0018,32,30,1.4,2,0.6536,0.6536,24,0.7879,0.6441,0.662,0.543,0.6379,3268.687
B0018,33,30,1.4,2,0.6313,0.6313,24,0.7753,0.4769,0.7595,0.5882,0.6156,3260.594
B0018,34,30,1.4,2,0.6151,0.6151,24,0.7403,0.3093,0.6331,0.5179,0.5993,3258.812
B0018,35,30,1.4,2,0.5977,0.5977,24,0.7273,0.6749,0.5214,0.4627,0.6066,3243.422
B0018,36,30,1.4,2,0.5793,0.5793,24,0.6661,0.6557,0.4619,0.4872,0.5895,3236.515
B0018,37,30,1.4,2,0.5576,0.5576,24,0.7055,0.4914,0.4505,0.3947,0.5526,3230.734
B0018,38,30,1.4,2,0.5469,0.5469,24,0.6549,0.6339,0.6158,0.6095,0.5414,3222.093
B0018,39,30,1.4,2,0.5311,0.5311,24,0.6267,0.2966,0.6812,0.662,0.5387,3220.344
B0018,40,30,1.4,2,0.6518,0.6518,24,0.6947,0.6228,0.3397,0.4189,0.6496,3250.75
B0018,41,30,1.4,2,0.5998,0.5998,24,0.7229,0.3303,0.4555,0.3802,0.5845,3239.344
B0018,42,30,1.4,2,0.5668,0.5668,24,0.6589,0.5979,0.3634,0.3745,0.5766,3222.25
B0018,43,30,1.4,2,0.5358,0.5358,24,0.6174,0.5197,0.2674,0.3432,0.5317,3206.157
B0018,44,30,1.4,2,0.5251,0.5251,24,0.6222,0.54,0.1547,0.23,0.5081,3197.969
B0018,45,30,1.4,2,0.495,0.495,24,0.5887,0.5277,0.1464,0.2516,0.5028,3181.625
B0018,46,30,1.4,2,0.7504,0.7504,24,0.7633,0.5113,0.2466,0.1349,0.7502,3302.36
B0018,47,30,1.4,2,0.7306,0.7306,24,0.8032,0.6176,0.3141,0.142,0.7186,3285.812
B0018,48,30,1.4,2,0.6903,0.6903,24,0.7983,0.619,0.2724,0.1426,0.6771,3260.016
B0018,49,30,1.4,2,0.6552,0.6552,24,0.7619,0.5984,0.2576,0.1657,0.6413,3240.031
B0018,50,30,1.4,2,0.6219,0.6219,24,0.7305,0.4285,0.2217,0.1535,0.6059,3232.265
B0018,51,30,1.4,2,0.6331,0.6331,24,0.7821,0.5462,0.5733,0.3902,0.618,3232.031
B0018,52,30,1.4,2,0.595,0.595,24,0.7182,0.5821,0.5571,0.4425,0.5921,3209.515
B0018,53,30,1.4,2,0.554,0.554,24,0.7236,0.3488,0.4507,0.3005,0.5377,3196.125
B0018,54,30,1.4,2,0.5275,0.5275,24,0.6491,0.4557,0.3744,0.3268,0.5228,3172.562
B0018,55,30,1.4,2,0.515,0.515,24,0.6432,0.5778,0.345,0.3209,0.5099,3172.735
B0018,56,30,1.4,2,0.6471,0.6471,24,0.6774,0.7831,0.3683,0.2981,0.633,3238.109
B0018,57,30,1.4,2,0.5825,0.5825,24,0.7293,0.7194,0.4876,0.3583,0.5668,3191.063
B0018,58,30,1.4,2,0.5296,0.5296,24,0.6587,0.5779,0.489,0.4083,0.5253,3165.828
B0018,59,30,1.4,2,0.4885,0.4885,24,0.6138,0.2612,0.4463,0.4017,0.4831,3140.407
B0018,60,30,1.4,2,0.4778,0.4778,24,0.6126,0.3612,0.3858,0.3485,0.4596,3131.922
B0018,61,30,1.4,2,0.4651,0.4651,24,0.6109,0.6181,0.3616,0.3373,0.4464,3121.109
B0018,62,30,1.4,2,0.4341,0.4341,24,0.5614,0.6405,0.4591,0.4745,0.4279,3105.265
B0018,63,30,1.4,2,0.4175,0.4175,24,0.5741,0.552,0.4505,0.4171,0.398,3091.25
B0018,64,30,1.4,2,0.3875,0.3875,24,0.5284,0.4876,0.4551,0.4703,0.3939,3076.703
B0018,65,30,1.4,2,0.3718,0.3718,24,0.4935,0.3176,0.414,0.4895,0.3644,3062.328
B0018,66,30,1.4,2,0.3708,0.3708,24,0.485,0.6173,0.3713,0.4457,0.377,3050.563
B0018,67,30,1.4,2,0.3526,0.3526,24,0.5018,0.5913,0.3247,0.4017,0.3313,3034.672
B0018,68,30,1.4,2,0.322,0.322,24,0.4186,0.3502,0.3465,0.4738,0.3266,3031.25
B0018,69,30,1.4,2,0.312,0.312,24,0.4074,0.5236,0.3503,0.4971,0.3166,3011.343
B0018,70,30,1.4,2,0.3022,0.3022,24,0.3661,0.3023,0.3432,0.5342,0.3069,3003.0
B0018,71,30,1.4,2,0.3743,0.3743,24,0.4587,0.4071,0.4223,0.5569,0.3808,3045.187
B0018,72,30,1.4,2,0.3557,0.3557,24,0.4798,0.5558,0.5861,0.6172,0.3483,3028.469
B0018,73,30,1.4,2,0.3116,0.3116,24,0.3863,0.2035,0.6035,0.6468,0.3166,3012.937
B0018,74,30,1.4,2,0.2945,0.2945,24,0.4012,0.4662,0.5631,0.6434,0.2993,2998.875
B0018,75,30,1.4,2,0.2768,0.2768,24,0.3854,0.4567,0.468,0.5812,0.2816,2983.547
B0018,76,30,1.4,2,0.2718,0.2718,24,0.3728,0.4944,0.4575,0.5875,0.2624,2966.86
B0018,77,30,1.4,2,0.2577,0.2577,24,0.3807,0.4095,0.5134,0.6089,0.2341,2954.797
B0018,78,30,1.4,2,0.247,0.247,24,0.3317,0.5296,0.6424,0.7603,0.2373,2945.735
B0018,79,30,1.4,2,0.2277,0.2277,24,0.2973,0.4855,0.5849,0.7469,0.2316,2941.375
B0018,80,30,1.4,2,0.2078,0.2078,24,0.2538,0.1322,0.4867,0.6772,0.2115,2923.953
B0018,81,30,1.4,2,0.2174,0.2174,24,0.2913,0.9253,0.369,0.5766,0.2214,2921.031
B0018,82,30,1.4,2,0.1975,0.1975,24,0.286,0.4542,0.4319,0.6106,0.1866,2902.75
B0018,83,30,1.4,2,0.1911,0.1911,24,0.2959,0.4718,0.5795,0.7158,0.1662,2897.875
B0018,84,30,1.4,2,0.1704,0.1704,24,0.2701,0.4725,0.6759,0.7962,0.159,2892.094
B0018,85,30,1.4,2,0.1631,0.1631,24,0.2636,0.2655,0.6022,0.7285,0.1382,2886.921
B0018,86,30,1.4,2,0.2505,0.2505,24,0.2907,0.3951,0.5374,0.6893,0.256,2942.531
B0018,87,30,1.4,2,0.217,0.217,24,0.2633,0.4347,0.5958,0.735,0.2219,2912.469
B0018,88,30,1.4,2,0.198,0.198,24,0.2602,0.4506,0.4816,0.6254,0.1883,2895.594
B0018,89,30,1.4,2,0.1699,0.1699,24,0.1751,0.3889,0.4318,0.676,0.1741,2884.406
B0018,90,30,1.4,2,0.1448,0.1448,24,0.2084,0.0178,0.2939,0.5029,0.1196,2873.766
B0018,91,30,1.4,2,0.2209,0.2209,24,0.2764,0.8716,0.5853,0.7222,0.1975,2893.375
B0018,92,30,1.4,2,0.1698,0.1698,24,0.216,0.3338,0.6691,0.8053,0.1736,2884.984
B0018,93,30,1.4,2,0.153,0.153,24,0.2006,0.3649,0.7306,0.8554,0.1564,2870.234
B0018,94,30,1.4,2,0.145,0.145,24,0.1872,0.4125,0.7517,0.8753,0.1487,2864.11
B0018,95,30,1.4,2,0.1257,0.1257,24,0.1281,0.1389,0.6703,0.8731,0.1283,2846.64
B0018,96,30,1.4,2,0.1311,0.1311,24,0.1476,0.3453,0.6679,0.8643,0.1346,2839.532
B0018,97,30,1.4,2,0.1086,0.1086,24,0.1302,0.3848,0.6879,0.8684,0.1114,2832.703
B0018,98,30,1.4,2,0.1022,0.1022,24,0.163,0.3794,0.6939,0.8323,0.0759,2827.078
B0018,99,30,1.4,2,0.094,0.094,24,0.1603,0.4055,0.7497,0.8664,0.0674,2821.531
B0018,100,30,1.4,2,0.073,0.073,24,0.1062,0.2109,0.7415,0.9091,0.0758,2805.156
B0018,101,30,1.4,2,0.0853,0.0853,24,0.1455,0.3361,0.6942,0.8316,0.0591,2814.906
B0018,102,30,1.4,2,0.057,0.057,24,0.0586,0.1517,0.7147,0.9113,0.0584,2801.156
B0018,103,30,1.4,2,0.0628,0.0628,24,0.1058,0.3871,0.7702,0.911,0.0503,2794.187
B0018,104,30,1.4,2,0.0523,0.0523,24,0.1089,0.2843,0.8046,0.9286,0.0249,2785.391
B0018,105,30,1.4,2,0.0305,0.0305,24,0.0393,0.0294,0.812,0.9985,0.0319,2779.5
B0018,106,30,1.4,2,0.2323,0.2323,24,0.2903,0.3789,0.1728,0.3957,0.2251,2899.234
B0018,107,30,1.4,2,0.2122,0.2122,24,0.2858,0.4057,0.4766,0.6026,0.1897,2894.922
B0018,108,30,1.4,2,0.1889,0.1889,24,0.2894,0.4276,0.6728,0.7129,0.1665,2888.25
B0018,109,30,1.4,2,0.1699,0.1699,24,0.2637,0.4287,0.5949,0.6704,0.1494,2873.906
B0018,110,30,1.4,2,0.1435,0.1435,24,0.2323,0.2925,0.4949,0.606,0.1198,2847.406
B0018,111,30,1.4,2,0.1417,0.1417,24,0.1991,0.3693,0.4078,0.5745,0.1201,2849.281
B0018,112,30,1.4,2,0.1126,0.1126,24,0.2008,0.2203,0.4954,0.6332,0.1029,2833.688
B0018,113,30,1.4,2,0.1056,0.1056,24,0.1669,0.3035,0.7239,0.8573,0.1097,2826.453
B0018,114,30,1.4,2,0.0953,0.0953,24,0.1811,0.3874,0.9559,1.0,0.0847,2818.312
B0018,115,30,1.4,2,0.0875,0.0875,24,0.177,0.2205,0.8555,0.9092,0.0629,2812.719
B0018,116,30,1.4,2,0.0918,0.0918,24,0.1194,0.9527,0.6288,0.8227,0.0974,2803.5
B0018,117,30,1.4,2,0.0684,0.0684,24,0.1248,0.2971,0.5336,0.6909,0.0584,2783.25
B0018,118,30,1.4,2,0.046,0.046,24,0.0543,0.2749,0.4597,0.7003,0.0354,2776.391
B0018,119,30,1.4,2,0.0349,0.0349,24,0.0393,0.3466,0.415,0.6653,0.0397,2766.516
B0018,120,30,1.4,2,0.0101,0.0101,24,0.0,0.0,0.3142,0.5922,0.0,2751.516
B0018,121,30,1.4,2,0.1669,0.1669,24,0.2201,0.8505,0.1919,0.4221,0.1446,2848.859
B0018,122,30,1.4,2,0.1272,0.1272,24,0.193,0.2381,0.4356,0.5802,0.1191,2840.016
B0018,123,30,1.4,2,0.102,0.102,24,0.1461,0.3542,0.5254,0.6826,0.0936,2817.375
B0018,124,30,1.4,2,0.0918,0.0918,24,0.1712,0.3329,0.487,0.6027,0.0682,2809.234
B0018,125,30,1.4,2,0.0567,0.0567,24,0.1063,0.0724,0.4506,0.6336,0.0626,2791.187
B0018,126,30,1.4,2,0.0752,0.0752,24,0.1367,0.2102,0.436,0.6018,0.0503,2794.016
B0018,127,30,1.4,2,0.0537,0.0537,24,0.0767,0.2046,0.6209,0.8227,0.059,2774.719
B0018,128,30,1.4,2,0.0422,0.0422,24,0.103,0.301,0.8934,0.9876,0.0466,2777.844
B0018,129,30,1.4,2,0.0435,0.0435,24,0.1686,0.2119,0.9883,0.9697,0.0179,2781.125
B0018,131,30,1.4,2,0.0267,0.0267,24,0.0293,0.2019,0.7412,0.9175,0.0326,2753.25
B0018,132,30,1.4,2,0.0,0.0,24,0.032,0.2511,0.6111,0.7978,0.0047,2742.843
B0033,11,20,1.6,2,0.7827,0.7827,24,0.0509,0.9098,0.2344,0.2501,0.9133,3226.078
B0033,12,20,1.6,2,0.8373,0.8373,24,0.0988,0.5436,0.2507,0.2314,0.9111,3224.5
B0033,13,20,1.6,2,0.7447,0.7447,24,0.3478,0.9151,0.1626,0.1853,0.8786,3222.188
B0033,14,20,1.6,2,0.7026,0.7026,24,0.3865,0.8543,0.1327,0.1743,0.9004,3216.546
B0033,15,20,1.6,2,0.6952,0.6952,24,0.6067,0.7746,0.0865,0.1069,0.8641,3211.859
B0033,16,20,1.6,2,0.7439,0.7439,24,0.5622,0.8872,0.1775,0.1574,0.8539,3215.859
B0033,17,20,1.6,2,0.8377,0.8377,24,0.6253,0.2453,0.3067,0.1782,0.8896,3225.125
B0033,18,20,1.6,2,0.9071,0.9071,24,0.6405,0.9992,0.4503,0.1957,0.9299,3234.343
B0033,19,20,1.6,2,0.8081,0.8081,24,0.835,0.9497,0.1659,0.079,0.8613,3218.25
B0033,20,20,1.6,2,0.7366,0.7366,24,0.8988,0.9783,0.0459,0.0201,0.8218,3203.5
B0033,21,20,1.6,2,0.7232,0.7232,24,0.8827,1.0,0.0,0.0,0.81,3194.39
B0033,23,20,1.6,2,1.0,1.0,24,0.3902,0.6111,0.3123,0.2244,1.0,3252.985
B0033,24,20,1.6,2,0.9235,0.9235,24,0.5113,0.8879,0.1697,0.1736,0.9549,3245.25
B0033,25,20,1.6,2,0.8802,0.8802,24,0.6477,0.8651,0.1306,0.152,0.9125,3235.031
B0033,26,20,1.6,2,0.8702,0.8702,24,0.8259,0.8311,0.1165,0.1151,0.8703,3228.141
B0033,27,20,1.6,2,0.8809,0.8809,24,0.6665,0.8127,0.195,0.1906,0.8841,3217.875
B0033,28,20,1.6,2,0.9043,0.9043,24,0.7568,0.5935,0.2588,0.1856,0.8746,3220.219
B0033,29,20,1.6,2,0.8557,0.8557,24,0.7775,0.8213,0.2095,0.1672,0.8593,3210.234
B0033,30,20,1.6,2,0.8386,0.8386,24,0.7474,0.8189,0.1253,0.1574,0.8434,3210.546
B0033,31,20,1.6,2,0.7912,0.7912,24,0.9342,0.8157,0.0473,0.0817,0.7963,3200.969
B0033,32,20,1.6,2,0.8032,0.8032,24,0.8049,0.7943,0.112,0.138,0.809,3188.625
B0033,33,20,1.6,2,0.8275,0.8275,24,0.9018,0.5458,0.1864,0.1427,0.8015,3191.735
B0033,34,20,1.6,2,0.8085,0.8085,24,0.9732,0.8063,0.1471,0.1216,0.7828,3190.313
B0033,35,20,1.6,2,0.7585,0.7585,24,0.9126,0.8025,0.0783,0.1204,0.7684,3182.156
B0033,36,20,1.6,2,0.7385,0.7385,24,0.9772,0.8048,0.066,0.1045,0.7477,3180.156
B0033,37,20,1.6,2,0.7215,0.7215,24,1.0,0.7538,0.0729,0.1039,0.7309,3171.953
B0033,38,20,1.6,2,0.804,0.804,24,0.9701,0.5856,0.3882,0.2489,0.783,3192.172
B0033,39,20,1.6,2,0.8227,0.8227,24,0.9362,0.7893,0.5452,0.3342,0.803,3194.735
B0033,40,20,1.6,2,0.7965,0.7965,24,0.9634,0.8045,0.4312,0.2886,0.7775,3178.75
B0033,41,20,1.6,2,0.7108,0.7108,24,0.9882,0.7951,0.2085,0.1965,0.7246,3165.359
B0033,42,20,1.6,2,0.6945,0.6945,24,0.9366,0.8058,0.1453,0.1854,0.7099,3155.25
B0033,44,20,1.6,2,0.8614,0.8614,24,0.735,0.5721,0.6195,0.4188,0.8469,3199.485
B0033,45,20,1.6,2,0.8011,0.8011,24,0.9427,0.7994,0.4535,0.3222,0.7869,3196.015
B0033,47,20,1.6,2,0.9232,0.9232,24,0.594,0.5679,0.4938,0.3323,0.911,3198.0
B0033,48,20,1.6,2,0.8337,0.8337,24,0.6511,0.7588,0.346,0.3022,0.8552,3183.516
B0033,49,20,1.6,2,0.7814,0.7814,24,0.8138,0.7977,0.2641,0.2563,0.8036,3183.797
B0033,50,20,1.6,2,0.7914,0.7914,24,0.7469,0.7606,0.4042,0.3312,0.814,3191.516
B0033,51,20,1.6,2,0.8375,0.8375,24,0.7322,0.7892,0.6076,0.4016,0.8266,3189.985
B0033,52,20,1.6,2,0.8165,0.8165,24,0.7875,0.5585,0.5715,0.3955,0.806,3189.734
B0033,53,20,1.6,2,0.7635,0.7635,24,0.8734,0.7758,0.4025,0.3125,0.7533,3176.016
B0033,54,20,1.6,2,0.7382,0.7382,24,0.9078,0.7312,0.3619,0.2931,0.7276,3171.36
B0033,55,20,1.6,2,0.719,0.719,24,0.9234,0.7589,0.364,0.2845,0.7095,3170.843
B0033,56,20,1.6,2,0.7263,0.7263,24,0.8768,0.7483,0.4555,0.3469,0.7175,3164.672
B0033,57,20,1.6,2,0.7776,0.7776,24,0.8777,0.4731,0.6642,0.4598,0.7347,3177.453
B0033,58,20,1.6,2,0.7525,0.7525,24,0.9612,0.7504,0.5895,0.4083,0.7095,3172.375
B0033,59,20,1.6,2,0.6268,0.6268,24,0.9253,0.7023,0.3199,0.3184,0.6547,3158.406
B0033,60,20,1.6,2,0.6015,0.6015,24,0.9107,0.7327,0.2629,0.2997,0.6301,3141.578
B0033,61,20,1.6,2,0.5756,0.5756,24,0.9304,0.7299,0.2211,0.2828,0.6043,3138.187
B0033,62,20,1.6,2,0.6556,0.6556,24,0.8878,0.4792,0.5426,0.4384,0.651,3157.969
B0033,63,20,1.6,2,0.6787,0.6787,24,0.8863,0.7387,0.7473,0.5413,0.6756,3159.281
B0033,64,20,1.6,2,0.6449,0.6449,24,0.9227,0.7338,0.5961,0.4734,0.6405,3150.375
B0033,65,20,1.6,2,0.5474,0.5474,24,0.9113,0.7128,0.3254,0.3595,0.5409,3134.078
B0033,66,20,1.6,2,0.5232,0.5232,24,0.9197,0.6862,0.2735,0.3379,0.5167,3129.797
B0033,68,20,1.6,2,0.8355,0.8355,24,0.2904,0.4912,0.7502,0.5918,0.8028,3196.859
B0033,69,20,1.6,2,0.7439,0.7439,24,0.6453,0.6759,0.5313,0.442,0.7087,3171.906
B0033,70,20,1.6,2,0.6538,0.6538,24,0.6436,0.6633,0.3653,0.3996,0.6557,3160.843
B0033,71,20,1.6,2,0.6134,0.6134,24,0.6773,0.6693,0.3089,0.359,0.6143,3147.141
B0033,72,20,1.6,2,0.5861,0.5861,24,0.6814,0.6517,0.2693,0.3642,0.587,3141.203
B0033,73,20,1.6,2,0.634,0.634,24,0.5619,0.5404,0.5996,0.5415,0.6366,3151.047
B0033,74,20,1.6,2,0.6818,0.6818,24,0.5699,0.577,0.8039,0.6512,0.6482,3159.172
B0033,75,20,1.6,2,0.6182,0.6182,24,0.6787,0.6295,0.5167,0.489,0.584,3141.047
B0033,76,20,1.6,2,0.5555,0.5555,24,0.5895,0.6186,0.3651,0.4515,0.5593,3135.031
B0033,77,20,1.6,2,0.5293,0.5293,24,0.5853,0.6071,0.2982,0.4148,0.5319,3117.984
B0033,78,20,1.6,2,0.4979,0.4979,24,0.4987,0.5536,0.3339,0.4729,0.5403,3125.328
B0033,79,20,1.6,2,0.509,0.509,24,0.6093,0.5963,0.3327,0.4392,0.5134,3120.172
B0033,80,20,1.6,2,0.4854,0.4854,24,0.612,0.5723,0.2693,0.417,0.4901,3116.641
B0033,81,20,1.6,2,0.4577,0.4577,24,0.5326,0.5981,0.347,0.4636,0.5005,3110.844
B0033,82,20,1.6,2,0.4251,0.4251,24,0.6379,0.598,0.272,0.4171,0.4679,3101.406
B0033,83,20,1.6,2,0.4391,0.4391,24,0.6887,0.3736,0.2649,0.4077,0.4445,3099.563
B0033,84,20,1.6,2,0.4426,0.4426,24,0.6211,0.5942,0.2932,0.4192,0.4492,3104.64
B0033,85,20,1.6,2,0.4145,0.4145,24,0.5613,0.5766,0.3155,0.4701,0.46,3099.875
B0033,86,20,1.6,2,0.3863,0.3863,24,0.5932,0.5362,0.2794,0.4339,0.4311,3093.25
B0033,87,20,1.6,2,0.3941,0.3941,24,0.5107,0.5549,0.3464,0.4893,0.4402,3086.688
B0033,88,20,1.6,2,0.4046,0.4046,24,0.6196,0.5224,0.2984,0.4505,0.4131,3094.281
B0033,89,20,1.6,2,0.3758,0.3758,24,0.5023,0.5271,0.3486,0.497,0.4239,3088.328
B0033,90,20,1.6,2,0.4227,0.4227,24,0.5106,0.5421,0.4823,0.5644,0.433,3095.687
B0033,91,20,1.6,2,0.4286,0.4286,24,0.5754,0.5296,0.6087,0.6239,0.44,3102.062
B0033,92,20,1.6,2,0.4343,0.4343,24,0.617,0.5341,0.6929,0.6703,0.4453,3107.141
B0033,93,20,1.6,2,0.3721,0.3721,24,0.4521,0.5328,0.4301,0.5762,0.4226,3090.719
B0033,94,20,1.6,2,0.3023,0.3023,24,0.4189,0.5034,0.3278,0.5272,0.3918,3069.812
B0033,95,20,1.6,2,0.3117,0.3117,24,0.537,0.9273,0.2563,0.4592,0.3628,3064.437
B0033,96,20,1.6,2,0.3564,0.3564,24,0.4338,0.9366,0.4893,0.6079,0.4089,3083.25
B0033,97,20,1.6,2,0.3659,0.3659,24,0.5918,0.4892,0.5609,0.6004,0.3786,3076.484
B0033,98,20,1.6,2,0.3897,0.3897,24,0.4738,0.3471,0.6084,0.6647,0.4061,3081.297
B0033,99,20,1.6,2,0.3077,0.3077,24,0.4693,0.4823,0.385,0.5424,0.3621,3065.953
B0033,100,20,1.6,2,0.2753,0.2753,24,0.5193,0.4571,0.3224,0.5004,0.3283,3055.828
B0033,101,20,1.6,2,0.2865,0.2865,24,0.4879,0.9198,0.3548,0.5192,0.3411,3051.468
B0033,102,20,1.6,2,0.3306,0.3306,24,0.4479,0.9549,0.618,0.668,0.3868,3069.0
B0033,103,20,1.6,2,0.3831,0.3831,24,0.5183,0.4885,0.782,0.7491,0.4012,3079.235
B0033,104,20,1.6,2,0.3088,0.3088,24,0.4927,0.4607,0.6071,0.655,0.3667,3070.344
B0033,105,20,1.6,2,0.2391,0.2391,24,0.6076,0.4254,0.3414,0.4891,0.2956,3051.484
B0033,106,20,1.6,2,0.2433,0.2433,24,0.5498,0.9277,0.3224,0.505,0.3002,3054.812
B0033,107,20,1.6,2,0.2517,0.2517,24,0.4689,0.9246,0.3817,0.5526,0.31,3046.532
B0033,108,20,1.6,2,0.3447,0.3447,24,0.5101,0.4198,0.7671,0.7583,0.366,3071.782
B0033,109,20,1.6,2,0.3453,0.3453,24,0.5395,0.4312,0.8917,0.8372,0.3662,3074.532
B0033,110,20,1.6,2,0.2758,0.2758,24,0.4989,0.4591,0.684,0.7444,0.3357,3053.656
B0033,111,20,1.6,2,0.2034,0.2034,24,0.5725,0.3835,0.4306,0.5815,0.2634,3031.953
B0033,112,20,1.6,2,0.1703,0.1703,24,0.3977,0.4048,0.4206,0.6071,0.2712,3023.5
B0033,113,20,1.6,2,0.1929,0.1929,24,0.3294,0.3598,0.5443,0.7084,0.2969,3042.703
B0033,115,20,1.6,2,0.3099,0.3099,24,0.8253,0.2806,0.6086,0.6146,0.292,3066.766
B0033,116,20,1.6,2,0.2347,0.2347,24,0.7666,0.4109,0.47,0.5409,0.2569,3046.125
B0033,117,20,1.6,2,0.2387,0.2387,24,0.6023,0.3894,0.4819,0.5971,0.2624,3033.625
B0033,118,20,1.6,2,0.2095,0.2095,24,0.4919,0.8989,0.4908,0.6328,0.2746,3028.562
B0033,119,20,1.6,2,0.1744,0.1744,24,0.5553,0.3595,0.4671,0.6136,0.2392,3020.984
B0033,120,20,1.6,2,0.1488,0.1488,24,0.6101,0.1523,0.4649,0.5927,0.2135,3017.391
B0033,121,20,1.6,2,0.1956,0.1956,24,0.5435,0.3503,0.4699,0.5804,0.2209,3022.14
B0033,122,20,1.6,2,0.1554,0.1554,24,0.4769,0.3535,0.4757,0.6067,0.2212,3009.016
B0033,123,20,1.6,2,0.097,0.097,24,0.6184,0.9082,0.4208,0.6099,0.2069,3014.672
B0033,124,20,1.6,2,0.1319,0.1319,24,0.5816,0.9061,0.4207,0.6004,0.1989,3010.703
B0033,125,20,1.6,2,0.0932,0.0932,24,0.4983,0.3463,0.4965,0.6716,0.2018,3011.75
B0033,126,20,1.6,2,0.1428,0.1428,24,0.4815,0.8996,0.5,0.647,0.2117,3005.734
B0033,127,20,1.6,2,0.1071,0.1071,24,0.5412,0.3183,0.479,0.6074,0.1745,2993.75
B0033,128,20,1.6,2,0.1124,0.1124,24,0.5181,0.884,0.4786,0.632,0.1816,2998.125
B0033,129,20,1.6,2,0.0804,0.0804,24,0.3932,0.8781,0.5094,0.6775,0.1925,2990.859
B0033,130,20,1.6,2,0.1265,0.1265,24,0.5269,0.2753,0.781,0.855,0.1974,3024.453
B0033,131,20,1.6,2,0.173,0.173,24,0.4014,0.3398,1.0,1.0,0.2456,3030.765
B0033,132,20,1.6,2,0.1377,0.1377,24,0.2291,0.8681,0.9538,0.9935,0.2531,3020.813
B0033,133,20,1.6,2,0.1036,0.1036,24,0.0,0.8331,0.8633,0.9887,0.2185,2998.156
B0033,136,20,1.6,2,0.2137,0.2137,24,0.6346,0.1643,0.8707,0.8566,0.2482,3047.703
B0033,137,20,1.6,2,0.1715,0.1715,24,0.2722,0.3215,0.8133,0.8876,0.2494,3034.968
B0033,138,20,1.6,2,0.0539,0.0539,24,0.2833,0.8864,0.7215,0.9144,0.2149,3011.734
B0033,149,20,1.6,2,0.2881,0.2881,24,0.1279,0.7051,0.9483,0.8639,0.2907,2976.234
B0033,150,20,1.6,2,0.206,0.206,24,0.1847,0.8218,0.7453,0.7417,0.2505,2950.39
B0033,151,20,1.6,2,0.1719,0.1719,24,0.2619,0.2637,0.6073,0.6638,0.2151,2941.719
B0033,152,20,1.6,2,0.1332,0.1332,24,0.4764,0.859,0.5252,0.5976,0.1757,2946.969
B0033,153,20,1.6,2,0.1387,0.1387,24,0.3749,0.8364,0.5627,0.6253,0.1832,2936.171
B0033,154,20,1.6,2,0.1467,0.1467,24,0.278,0.8445,0.6084,0.6662,0.1919,2927.281
B0033,155,20,1.6,2,0.1171,0.1171,24,0.3665,0.8382,0.5525,0.6239,0.1638,2924.422
B0033,157,20,1.6,2,0.5205,0.5205,24,0.3822,0.3732,0.8481,0.6493,0.4886,3056.172
B0033,158,20,1.6,2,0.4833,0.4833,24,0.2926,0.2867,0.6946,0.5881,0.4518,3045.078
B0033,159,20,1.6,2,0.4453,0.4453,24,0.3641,0.8482,0.5842,0.5365,0.4134,3034.25
B0033,160,20,1.6,2,0.4048,0.4048,24,0.4502,0.8417,0.5248,0.485,0.3731,3022.609
B0033,161,20,1.6,2,0.3725,0.3725,24,0.408,0.8562,0.67,0.6081,0.3831,3028.828
B0033,162,20,1.6,2,0.4252,0.4252,24,0.4485,0.3058,0.8599,0.7087,0.3942,3037.875
B0033,163,20,1.6,2,0.3572,0.3572,24,0.596,0.2077,0.6305,0.557,0.3266,3023.187
B0033,164,20,1.6,2,0.2967,0.2967,24,0.4764,0.8694,0.4827,0.5212,0.3075,2996.922
B0033,165,20,1.6,2,0.257,0.257,24,0.5474,0.8616,0.4025,0.4554,0.2669,2986.469
B0033,166,20,1.6,2,0.2255,0.2255,24,0.6599,0.8631,0.4105,0.4423,0.2374,2979.219
B0033,167,20,1.6,2,0.2712,0.2712,24,0.7366,0.2873,0.5439,0.4993,0.2375,2995.047
B0033,168,20,1.6,2,0.2847,0.2847,24,0.7441,0.901,0.633,0.5422,0.2532,2989.828
B0033,169,20,1.6,2,0.2813,0.2813,24,0.7111,0.8871,0.6025,0.5427,0.2488,2989.391
B0033,170,20,1.6,2,0.2049,0.2049,24,0.6037,0.9054,0.4507,0.4878,0.2163,2967.281
B0033,171,20,1.6,2,0.1564,0.1564,24,0.7425,0.8586,0.3539,0.4044,0.1661,2962.609
B0033,172,20,1.6,2,0.1698,0.1698,24,0.5673,0.2496,0.3599,0.4564,0.1813,2957.016
B0033,173,20,1.6,2,0.2143,0.2143,24,0.5922,0.8635,0.6236,0.5917,0.2271,2973.281
B0033,174,20,1.6,2,0.2275,0.2275,24,0.713,0.1644,0.682,0.5873,0.1954,2968.016
B0033,175,20,1.6,2,0.1892,0.1892,24,0.8078,0.2134,0.5549,0.5028,0.1568,2959.281
B0033,176,20,1.6,2,0.1443,0.1443,24,0.6461,0.8768,0.4442,0.4864,0.1573,2942.797
B0033,178,20,1.6,2,0.1526,0.1526,24,0.6771,0.3141,0.4289,0.4587,0.1655,2948.891
B0033,179,20,1.6,2,0.158,0.158,24,0.5374,0.8679,0.4263,0.4978,0.1726,2938.547
B0033,180,20,1.6,2,0.1179,0.1179,24,0.6424,0.8341,0.3883,0.4454,0.1313,2925.484
B0033,181,20,1.6,2,0.126,0.126,24,0.5454,0.8454,0.3992,0.4759,0.1404,2917.297
B0033,182,20,1.6,2,0.1276,0.1276,24,0.5224,0.7927,0.4607,0.5134,0.1427,2918.938
B0033,183,20,1.6,2,0.1006,0.1006,24,0.5416,0.0,0.4269,0.5031,0.116,2918.25
B0033,184,20,1.6,2,0.0954,0.0954,24,0.6088,0.7938,0.3951,0.4571,0.1108,2915.484
B0033,185,20,1.6,2,0.0602,0.0602,24,0.7143,0.7828,0.3776,0.424,0.0751,2906.015
B0033,186,20,1.6,2,0.0655,0.0655,24,0.6122,0.6706,0.4574,0.455,0.0812,2894.14
B0033,187,20,1.6,2,0.0807,0.0807,24,0.7503,0.4374,0.5077,0.5227,0.0514,2892.031
B0033,188,20,1.6,2,0.0341,0.0341,24,0.6749,0.0997,0.3476,0.4185,0.0506,2888.719
B0033,189,20,1.6,2,0.0338,0.0338,24,0.6853,0.8384,0.341,0.3945,0.0505,2875.641
B0033,190,20,1.6,2,0.0362,0.0362,24,0.6056,0.7461,0.378,0.4367,0.0529,2860.781
B0033,191,20,1.6,2,0.044,0.044,24,0.5267,0.779,0.4042,0.4759,0.0612,2852.844
B0033,192,20,1.6,2,0.0,0.0,24,0.7,0.7138,0.4147,0.3989,0.0164,2854.64
B0033,194,20,1.6,2,0.1534,0.1534,24,0.8807,0.4665,0.9712,0.7127,0.0797,2896.063
B0033,195,20,1.6,2,0.0638,0.0638,24,0.6287,0.8226,0.6812,0.6032,0.0829,2866.234
B0033,196,20,1.6,2,0.0202,0.0202,24,0.6133,0.8372,0.5202,0.5197,0.0384,2836.609
B0033,197,20,1.6,2,0.0277,0.0277,24,0.7385,0.8263,0.4461,0.4412,0.0,2829.516
B0034,6,20,1.6,2,0.7305,0.7305,24,0.1087,0.8722,0.1581,0.1471,0.9885,3242.578
B0034,7,20,1.6,2,0.7338,0.7338,24,0.1707,0.6187,0.1275,0.1381,0.9567,3234.625
B0034,8,20,1.6,2,0.6801,0.6801,24,0.2491,1.0,0.1844,0.2178,0.9296,3235.36
B0034,9,20,1.6,2,0.6359,0.6359,24,0.2902,0.7833,0.1554,0.2042,0.885,3236.125
B0034,10,20,1.6,2,0.5885,0.5885,24,0.3953,0.7732,0.1125,0.1562,0.8335,3230.25
B0034,11,20,1.6,2,0.573,0.573,24,0.3677,0.7473,0.1055,0.201,0.8199,3226.078
B0034,12,20,1.6,2,0.6014,0.6014,24,0.4249,0.5648,0.1338,0.1629,0.8133,3224.5
B0034,13,20,1.6,2,0.5568,0.5568,24,0.5319,0.7441,0.0818,0.104,0.7664,3222.188
B0034,14,20,1.6,2,0.5393,0.5393,24,0.5274,0.7414,0.0737,0.1095,0.7498,3216.546
B0034,15,20,1.6,2,0.5275,0.5275,24,0.6238,0.6559,0.044,0.0735,0.6964,3211.859
B0034,16,20,1.6,2,0.5855,0.5855,24,0.7517,0.6551,0.1098,0.0345,0.6797,3215.859
B0034,17,20,1.6,2,0.7346,0.7346,24,0.698,0.5136,0.2885,0.1066,0.77,3225.125
B0034,18,20,1.6,2,0.8566,0.8566,24,0.7344,0.7381,0.4399,0.1314,0.8239,3234.343
B0034,19,20,1.6,2,0.6567,0.6567,24,0.8318,0.7278,0.16,0.0403,0.6829,3218.25
B0034,20,20,1.6,2,0.5275,0.5275,24,0.7811,0.6301,0.0636,0.0389,0.6258,3203.5
B0034,21,20,1.6,2,0.4692,0.4692,24,0.823,0.4533,0.0,0.0,0.5614,3194.39
B0034,23,20,1.6,2,1.0,1.0,24,0.4426,0.4584,0.3571,0.3721,1.0,3252.985
B0034,24,20,1.6,2,0.8256,0.8256,24,0.5743,0.7703,0.2306,0.369,0.8908,3245.25
B0034,25,20,1.6,2,0.7301,0.7301,24,0.7329,0.6607,0.1818,0.3501,0.7836,3235.031
B0034,26,20,1.6,2,0.7147,0.7147,24,0.7019,0.7211,0.2167,0.423,0.7691,3228.141
B0034,27,20,1.6,2,0.7252,0.7252,24,0.7523,0.703,0.2546,0.4033,0.7386,3217.875
B0034,28,20,1.6,2,0.7518,0.7518,24,0.8289,0.4696,0.3232,0.4085,0.725,3220.219
B0034,29,20,1.6,2,0.6905,0.6905,24,0.8091,0.7065,0.2862,0.4084,0.7014,3210.234
B0034,30,20,1.6,2,0.5875,0.5875,24,0.8505,0.6504,0.1826,0.3614,0.6773,3210.546
B0034,31,20,1.6,2,0.5259,0.5259,24,0.7917,0.6538,0.1569,0.4072,0.6086,3200.969
B0034,32,20,1.6,2,0.5391,0.5391,24,0.8811,0.6945,0.174,0.3689,0.5787,3188.625
B0034,33,20,1.6,2,0.6462,0.6462,24,0.8949,0.5903,0.2728,0.3974,0.6118,3191.735
B0034,34,20,1.6,2,0.5811,0.5811,24,0.8905,0.6911,0.2503,0.4182,0.5852,3190.313
B0034,35,20,1.6,2,0.516,0.516,24,0.9712,0.7458,0.1396,0.3632,0.5136,3182.156
B0034,36,20,1.6,2,0.4909,0.4909,24,0.86,0.6561,0.1744,0.4418,0.5314,3180.156
B0034,37,20,1.6,2,0.4669,0.4669,24,0.921,0.7066,0.1668,0.4037,0.5067,3171.953
B0034,38,20,1.6,2,0.6911,0.6911,24,0.9303,0.5558,0.4757,0.4808,0.6247,3192.172
B0034,39,20,1.6,2,0.7532,0.7532,24,0.7994,0.6356,0.6656,0.6188,0.6972,3194.735
B0034,40,20,1.6,2,0.7187,0.7187,24,0.9391,0.6448,0.5132,0.5096,0.6109,3178.75
B0034,41,20,1.6,2,0.5291,0.5291,24,1.0,0.6145,0.2663,0.3922,0.4894,3165.359
B0034,42,20,1.6,2,0.465,0.465,24,0.9717,0.7056,0.2023,0.3943,0.4661,3155.25
B0034,43,20,1.6,2,0.8949,0.8949,24,0.5426,0.0,0.5609,0.5404,0.8167,3173.766
B0034,44,20,1.6,2,0.9199,0.9199,24,0.6392,0.6544,0.7416,0.6673,0.8483,3199.485
B0034,45,20,1.6,2,0.8027,0.8027,24,0.842,0.6732,0.5475,0.5342,0.7142,3196.015
B0034,48,20,1.6,2,0.8844,0.8844,24,0.2848,0.625,0.5555,0.6777,0.9048,3183.516
B0034,49,20,1.6,2,0.7323,0.7323,24,0.5101,0.6778,0.4537,0.631,0.7825,3183.797
B0034,50,20,1.6,2,0.7866,0.7866,24,0.4525,0.5904,0.5949,0.7203,0.7964,3191.516
B0034,51,20,1.6,2,0.8427,0.8427,24,0.5229,0.654,0.7787,0.7419,0.8123,3189.985
B0034,52,20,1.6,2,0.8154,0.8154,24,0.5163,0.4167,0.7586,0.7871,0.7827,3189.734
B0034,53,20,1.6,2,0.6622,0.6622,24,0.6338,0.4615,0.5652,0.7011,0.6575,3176.016
B0034,54,20,1.6,2,0.6298,0.6298,24,0.6831,0.6407,0.5211,0.6775,0.6212,3171.36
B0034,55,20,1.6,2,0.5608,0.5608,24,0.6572,0.5385,0.5233,0.7033,0.5943,3170.843
B0034,56,20,1.6,2,0.6126,0.6126,24,0.6714,0.5554,0.6013,0.716,0.6045,3164.672
B0034,57,20,1.6,2,0.7615,0.7615,24,0.653,0.4829,0.8214,0.8169,0.6773,3177.453
B0034,58,20,1.6,2,0.6864,0.6864,24,0.6683,0.5397,0.7537,0.8001,0.6417,3172.375
B0034,59,20,1.6,2,0.4842,0.4842,24,0.8476,0.5262,0.4153,0.6177,0.4621,3158.406
B0034,60,20,1.6,2,0.4078,0.4078,24,0.84,0.6333,0.3564,0.6021,0.4262,3141.578
B0034,61,20,1.6,2,0.3306,0.3306,24,0.8449,0.5959,0.3125,0.5964,0.3896,3138.187
B0034,62,20,1.6,2,0.6055,0.6055,24,0.7004,0.5517,0.6574,0.7383,0.5544,3157.969
B0034,63,20,1.6,2,0.6325,0.6325,24,0.8406,0.3155,0.8141,0.7645,0.536,3159.281
B0034,64,20,1.6,2,0.5902,0.5902,24,0.7556,0.6807,0.7083,0.7846,0.539,3150.375
B0034,65,20,1.6,2,0.3797,0.3797,24,0.8119,0.601,0.4085,0.6448,0.4002,3134.078
B0034,66,20,1.6,2,0.3033,0.3033,24,0.7888,0.464,0.3611,0.6517,0.3657,3129.797
B0034,68,20,1.6,2,0.9597,0.9597,24,0.3556,0.4908,0.8334,0.7657,0.8638,3196.859
B0034,69,20,1.6,2,0.799,0.799,24,0.5018,0.5835,0.6318,0.7022,0.7331,3171.906
B0034,70,20,1.6,2,0.5958,0.5958,24,0.5576,0.4618,0.4398,0.6653,0.605,3160.843
B0034,71,20,1.6,2,0.4994,0.4994,24,0.7031,0.4344,0.3396,0.5671,0.4946,3147.141
B0034,72,20,1.6,2,0.4194,0.4194,24,0.712,0.5272,0.301,0.5842,0.4561,3141.203
B0034,73,20,1.6,2,0.6147,0.6147,24,0.6151,0.4834,0.6307,0.7332,0.5771,3151.047
B0034,74,20,1.6,2,0.6728,0.6728,24,0.6858,0.5355,0.8142,0.7953,0.592,3159.172
B0034,75,20,1.6,2,0.5469,0.5469,24,0.6605,0.5053,0.556,0.722,0.5017,3141.047
B0034,76,20,1.6,2,0.3771,0.3771,24,0.6648,0.4077,0.3794,0.6829,0.4129,3135.031
B0034,77,20,1.6,2,0.2955,0.2955,24,0.8191,0.3689,0.2618,0.558,0.3215,3117.984
B0034,78,20,1.6,2,0.3033,0.3033,24,0.8236,0.445,0.2683,0.5697,0.3309,3125.328
B0034,79,20,1.6,2,0.3154,0.3154,24,0.7781,0.5767,0.3108,0.6049,0.3465,3120.172
B0034,80,20,1.6,2,0.239,0.239,24,0.7317,0.4088,0.2578,0.6239,0.3132,3116.641
B0034,81,20,1.6,2,0.2489,0.2489,24,0.865,0.3475,0.2657,0.5568,0.2734,3110.844
B0034,82,20,1.6,2,0.2548,0.2548,24,0.8377,0.6014,0.2433,0.5489,0.2807,3101.406
B0034,83,20,1.6,2,0.2707,0.2707,24,0.7165,0.29,0.2727,0.6159,0.3008,3099.563
B0034,84,20,1.6,2,0.2757,0.2757,24,0.7302,0.5975,0.2726,0.6078,0.3061,3104.64
B0034,85,20,1.6,2,0.2846,0.2846,24,0.849,0.5397,0.2563,0.5402,0.2658,3099.875
B0034,86,20,1.6,2,0.2492,0.2492,24,0.7172,0.5394,0.2573,0.6098,0.2801,3093.25
B0034,87,20,1.6,2,0.2587,0.2587,24,0.6952,0.5487,0.3063,0.6319,0.2917,3086.688
B0034,88,20,1.6,2,0.2225,0.2225,24,0.7785,0.3153,0.2472,0.5728,0.2527,3094.281
B0034,89,20,1.6,2,0.2331,0.2331,24,0.7464,0.5193,0.2841,0.607,0.266,3088.328
B0034,90,20,1.6,2,0.2909,0.2909,24,0.8406,0.5993,0.385,0.6015,0.2789,3095.687
B0034,91,20,1.6,2,0.3927,0.3927,24,0.8128,0.7603,0.5379,0.6731,0.3425,3102.062
B0034,92,20,1.6,2,0.3994,0.3994,24,0.7601,0.3525,0.6323,0.7593,0.3501,3107.141
B0034,93,20,1.6,2,0.2259,0.2259,24,0.7246,0.2345,0.3396,0.6421,0.2619,3090.719
B0034,94,20,1.6,2,0.1856,0.1856,24,0.7141,0.3706,0.2399,0.5995,0.2182,3069.812
B0034,95,20,1.6,2,0.1488,0.1488,24,0.8133,0.4962,0.1685,0.5214,0.1765,3064.437
B0034,96,20,1.6,2,0.2519,0.2519,24,0.7818,0.421,0.3714,0.6134,0.2408,3083.25
B0034,97,20,1.6,2,0.3109,0.3109,24,0.6512,0.569,0.5191,0.7249,0.3091,3076.484
B0034,98,20,1.6,2,0.3387,0.3387,24,0.6132,0.4632,0.5505,0.7572,0.3447,3081.297
B0034,99,20,1.6,2,0.2377,0.2377,24,0.7493,0.5375,0.2936,0.5849,0.2282,3065.953
B0034,100,20,1.6,2,0.1477,0.1477,24,0.7948,0.5418,0.227,0.5381,0.1813,3055.828
B0034,101,20,1.6,2,0.1612,0.1612,24,0.7076,0.412,0.2743,0.5946,0.1983,3051.468
B0034,102,20,1.6,2,0.3123,0.3123,24,0.7147,0.3647,0.5093,0.6861,0.2609,3069.0
B0034,103,20,1.6,2,0.4256,0.4256,24,0.68,0.3304,0.701,0.7842,0.336,3079.235
B0034,104,20,1.6,2,0.3325,0.3325,24,0.6573,0.3934,0.5329,0.7328,0.2874,3070.344
B0034,105,20,1.6,2,0.1968,0.1968,24,0.7606,0.4939,0.2825,0.575,0.1882,3051.484
B0034,106,20,1.6,2,0.1524,0.1524,24,0.6741,0.5172,0.2691,0.6177,0.1946,3054.812
B0034,107,20,1.6,2,0.1625,0.1625,24,0.8046,0.3719,0.2622,0.5498,0.1509,3046.532
B0034,108,20,1.6,2,0.3757,0.3757,24,0.6086,0.3962,0.7051,0.8321,0.3411,3071.782
B0034,109,20,1.6,2,0.4259,0.4259,24,0.6958,0.4983,0.8038,0.8449,0.341,3074.532
B0034,110,20,1.6,2,0.339,0.339,24,0.6043,0.4724,0.6329,0.7834,0.2989,3053.656
B0034,111,20,1.6,2,0.1992,0.1992,24,0.6509,0.3957,0.3733,0.6462,0.1969,3031.953
B0034,112,20,1.6,2,0.1574,0.1574,24,0.5495,0.5465,0.3467,0.6761,0.2076,3023.5
B0034,113,20,1.6,2,0.2342,0.2342,24,0.7261,0.3757,0.3804,0.608,0.1849,3042.703
B0034,115,20,1.6,2,0.3791,0.3791,24,0.746,0.3596,0.6111,0.7,0.2937,3066.766
B0034,116,20,1.6,2,0.2863,0.2863,24,0.6836,0.4294,0.4602,0.6465,0.2444,3046.125
B0034,117,20,1.6,2,0.2909,0.2909,24,0.7873,0.4707,0.3977,0.5721,0.1938,3033.625
B0034,118,20,1.6,2,0.254,0.254,24,0.6726,0.4946,0.3994,0.6241,0.2099,3028.562
B0034,119,20,1.6,2,0.2104,0.2104,24,0.7421,0.2346,0.3646,0.5761,0.1607,3020.984
B0034,120,20,1.6,2,0.2281,0.2281,24,0.5336,0.3767,0.4375,0.6836,0.241,3017.391
B0034,121,20,1.6,2,0.2355,0.2355,24,0.6768,0.4611,0.3742,0.5901,0.1927,3022.14
B0034,122,20,1.6,2,0.2363,0.2363,24,0.6187,0.482,0.3905,0.6142,0.1934,3009.016
B0034,123,20,1.6,2,0.2139,0.2139,24,0.6913,0.4894,0.3583,0.5832,0.1719,3014.672
B0034,124,20,1.6,2,0.2059,0.2059,24,0.6515,0.3532,0.3518,0.6036,0.1611,3010.703
B0034,125,20,1.6,2,0.2091,0.2091,24,0.679,0.3138,0.3826,0.5982,0.1652,3011.75
B0034,126,20,1.6,2,0.22,0.22,24,0.5771,0.3244,0.414,0.6525,0.1783,3005.734
B0034,127,20,1.6,2,0.1755,0.1755,24,0.5401,0.5496,0.4287,0.6806,0.186,2993.75
B0034,128,20,1.6,2,0.1823,0.1823,24,0.6758,0.4633,0.3725,0.6088,0.1361,2998.125
B0034,129,20,1.6,2,0.1417,0.1417,24,0.6002,0.5528,0.3949,0.6237,0.1506,2990.859
B0034,130,20,1.6,2,0.3015,0.3015,24,0.6252,0.3402,0.6701,0.7991,0.217,3024.453
B0034,131,20,1.6,2,0.3595,0.3595,24,0.5864,0.5007,0.8563,0.8765,0.2835,3030.765
B0034,132,20,1.6,2,0.3154,0.3154,24,0.6242,0.4438,0.7278,0.7809,0.2339,3020.813
B0034,133,20,1.6,2,0.2212,0.2212,24,0.5224,0.4299,0.5582,0.7443,0.186,2998.156
B0034,134,20,1.6,2,0.1748,0.1748,24,0.6059,0.4891,0.4563,0.645,0.134,2986.766
B0034,136,20,1.6,2,0.4099,0.4099,24,0.5446,0.344,0.8068,0.8365,0.346,3047.703
B0034,137,20,1.6,2,0.306,0.306,24,0.6955,0.3786,0.5652,0.6844,0.2277,3034.968
B0034,138,20,1.6,2,0.2111,0.2111,24,0.5704,0.1071,0.494,0.6799,0.1789,3011.734
B0034,139,20,1.6,2,0.167,0.167,24,0.7122,0.3497,0.3693,0.5577,0.1328,3002.922
B0034,140,20,1.6,2,0.1491,0.1491,24,0.6988,0.4641,0.2596,0.468,0.1131,2986.718
B0034,141,20,1.6,2,0.2639,0.2639,24,0.7204,0.2742,0.5652,0.6112,0.1862,3006.203
B0034,142,20,1.6,2,0.3258,0.3258,24,0.5728,0.5344,0.7456,0.7744,0.2571,3011.609
B0034,143,20,1.6,2,0.2254,0.2254,24,0.7472,0.5061,0.4918,0.5721,0.1427,2985.953
B0034,144,20,1.6,2,0.1251,0.1251,24,0.7331,0.4387,0.3342,0.5013,0.0898,2976.313
B0034,145,20,1.6,2,0.1231,0.1231,24,0.6436,0.3865,0.335,0.5278,0.0885,2964.75
B0034,146,20,1.6,2,0.1854,0.1854,24,0.5004,0.3381,0.5051,0.66,0.161,2969.953
B0034,147,20,1.6,2,0.2452,0.2452,24,0.6941,0.5135,0.6191,0.654,0.1672,2988.453
B0034,148,20,1.6,2,0.3344,0.3344,24,0.6685,0.3647,0.9681,0.9101,0.2074,3001.235
B0034,149,20,1.6,2,0.2362,0.2362,24,0.5545,0.3006,0.6998,0.7751,0.158,2976.234
B0034,150,20,1.6,2,0.1357,0.1357,24,0.5028,0.2139,0.5543,0.694,0.1021,2950.39
B0034,151,20,1.6,2,0.092,0.092,24,0.394,0.2462,0.5033,0.7058,0.1142,2941.719
B0034,152,20,1.6,2,0.0966,0.0966,24,0.5411,0.2935,0.4297,0.6242,0.0587,2946.969
B0034,153,20,1.6,2,0.1035,0.1035,24,0.4966,0.3577,0.4591,0.6474,0.069,2936.171
B0034,154,20,1.6,2,0.1132,0.1132,24,0.4654,0.4432,0.4877,0.6629,0.08,2927.281
B0034,155,20,1.6,2,0.0737,0.0737,24,0.5459,0.3817,0.4223,0.6057,0.0402,2924.422
B0034,157,20,1.6,2,0.63,0.63,24,0.0,0.427,0.9629,0.9732,0.6156,3056.172
B0034,158,20,1.6,2,0.5286,0.5286,24,0.3146,0.2764,0.71,0.8016,0.4391,3045.078
B0034,159,20,1.6,2,0.4284,0.4284,24,0.3025,0.4022,0.6127,0.7919,0.3855,3034.25
B0034,160,20,1.6,2,0.3766,0.3766,24,0.3796,0.4595,0.5527,0.741,0.328,3022.609
B0034,161,20,1.6,2,0.391,0.391,24,0.3636,0.5251,0.6872,0.8191,0.3428,3028.828
B0034,162,20,1.6,2,0.4551,0.4551,24,0.274,0.4439,0.9097,0.9687,0.42,3037.875
B0034,163,20,1.6,2,0.3703,0.3703,24,0.4346,0.6268,0.6929,0.828,0.3246,3023.187
B0034,164,20,1.6,2,0.2404,0.2404,24,0.449,0.708,0.5166,0.736,0.2366,2996.922
B0034,166,20,1.6,2,0.1506,0.1506,24,0.4873,0.1627,0.4592,0.7066,0.137,2979.219
B0034,167,20,1.6,2,0.2629,0.2629,24,0.4978,0.2785,0.6099,0.7711,0.2016,2995.047
B0034,168,20,1.6,2,0.2787,0.2787,24,0.4526,0.3314,0.7088,0.8328,0.2222,2989.828
B0034,169,20,1.6,2,0.2741,0.2741,24,0.4377,0.3627,0.6833,0.8376,0.2162,2989.391
B0034,170,20,1.6,2,0.1797,0.1797,24,0.4164,0.5898,0.5204,0.7474,0.1712,2967.281
B0034,171,20,1.6,2,0.1193,0.1193,24,0.3265,0.5638,0.4877,0.7839,0.165,2962.609
B0034,172,20,1.6,2,0.0799,0.0799,24,0.3383,0.1568,0.4319,0.7441,0.1218,2957.016
B0034,173,20,1.6,2,0.1899,0.1899,24,0.3585,0.2428,0.6878,0.8622,0.1856,2973.281
B0034,174,20,1.6,2,0.2612,0.2612,24,0.4476,0.5643,0.7638,0.8566,0.2046,2968.016
B0034,175,20,1.6,2,0.2129,0.2129,24,0.4296,0.2126,0.657,0.8145,0.151,2959.281
B0034,176,20,1.6,2,0.1578,0.1578,24,0.3247,0.5929,0.5496,0.7901,0.1514,2942.797
B0034,178,20,1.6,2,0.2232,0.2232,24,0.4047,0.2432,0.4971,0.696,0.1627,2948.891
B0034,179,20,1.6,2,0.1181,0.1181,24,0.419,0.2123,0.4508,0.684,0.1077,2938.547
B0034,180,20,1.6,2,0.1237,0.1237,24,0.323,0.3053,0.4703,0.721,0.1151,2925.484
B0034,181,20,1.6,2,0.0764,0.0764,24,0.4195,0.1913,0.4254,0.6598,0.0626,2917.297
B0034,183,20,1.6,2,0.157,0.157,24,0.2276,0.7121,0.515,0.7754,0.1575,2918.25
B0034,184,20,1.6,2,0.0381,0.0381,24,0.2427,0.227,0.4781,0.7638,0.0854,2915.484
B0034,185,20,1.6,2,0.0503,0.0503,24,0.3836,0.2634,0.438,0.6888,0.0356,2906.015
B0034,186,20,1.6,2,0.0,0.0,24,0.2702,0.1749,0.4592,0.7322,0.0438,2894.14
B0034,187,20,1.6,2,0.018,0.018,24,0.431,0.2358,0.4286,0.6647,0.0019,2892.031
B0034,188,20,1.6,2,0.0173,0.0173,24,0.411,0.0809,0.4161,0.6563,0.001,2888.719
B0034,189,20,1.6,2,0.0165,0.0165,24,0.369,0.274,0.4208,0.666,0.0,2875.641
B0034,190,20,1.6,2,0.019,0.019,24,0.1219,0.4959,0.5025,0.7776,0.0691,2860.781
B0034,192,20,1.6,2,0.0309,0.0309,24,0.2856,0.5312,0.4628,0.6932,0.0183,2854.64
B0034,193,20,1.6,2,0.2773,0.2773,24,0.2596,0.1734,1.0,1.0,0.1746,2897.844
B0034,194,20,1.6,2,0.2212,0.2212,24,0.2382,0.4775,0.965,0.9821,0.1728,2896.063
B0034,195,20,1.6,2,0.1672,0.1672,24,0.2006,0.4491,0.7856,0.883,0.1107,2866.234
B0034,197,20,1.6,2,0.0641,0.0641,24,0.0602,0.4067,0.6342,0.8369,0.0621,2829.516
B0036,23,20,1.6,2,1.0,1.0,24,0.8292,0.246,0.4118,0.2037,1.0,3252.985
B0036,24,20,1.6,2,0.9766,0.9766,24,0.7481,0.746,0.2304,0.0585,0.9817,3245.25
B0036,25,20,1.6,2,0.9524,0.9524,24,0.7237,0.9767,0.1906,0.0433,0.9576,3235.031
B0036,26,20,1.6,2,0.9354,0.9354,24,0.7226,0.9311,0.2078,0.0798,0.9413,3228.141
B0036,27,20,1.6,2,0.9119,0.9119,24,0.7707,0.9476,0.2675,0.1484,0.9171,3217.875
B0036,28,20,1.6,2,0.9175,0.9175,24,0.7752,0.3432,0.3914,0.2572,0.9226,3220.219
B0036,29,20,1.6,2,0.894,0.894,24,0.7988,0.8056,0.318,0.1578,0.899,3210.234
B0036,30,20,1.6,2,0.8941,0.8941,24,0.7287,1.0,0.1941,0.05,0.8998,3210.546
B0036,31,20,1.6,2,0.872,0.872,24,0.6879,0.7611,0.1337,0.0104,0.8772,3200.969
B0036,32,20,1.6,2,0.8433,0.8433,24,0.7506,0.7213,0.1797,0.0635,0.848,3188.625
B0036,33,20,1.6,2,0.8507,0.8507,24,0.7765,0.372,0.3192,0.1918,0.8554,3191.735
B0036,34,20,1.6,2,0.8474,0.8474,24,0.7482,0.7969,0.2752,0.1406,0.852,3190.313
B0036,35,20,1.6,2,0.8278,0.8278,24,0.6967,0.7481,0.1564,0.0325,0.8327,3182.156
B0036,36,20,1.6,2,0.8234,0.8234,24,0.6904,0.9555,0.1493,0.0475,0.828,3180.156
B0036,37,20,1.6,2,0.8039,0.8039,24,0.6959,0.7272,0.1512,0.0524,0.8086,3171.953
B0036,38,20,1.6,2,0.8507,0.8507,24,0.8406,0.4229,0.5943,0.4861,0.8564,3192.172
B0036,39,20,1.6,2,0.8565,0.8565,24,0.9334,0.7697,0.7936,0.6705,0.8624,3194.735
B0036,40,20,1.6,2,0.8195,0.8195,24,0.8898,0.7486,0.623,0.4205,0.8247,3178.75
B0036,41,20,1.6,2,0.7882,0.7882,24,0.7469,0.743,0.3104,0.188,0.7931,3165.359
B0036,42,20,1.6,2,0.7647,0.7647,24,0.7021,0.6618,0.2123,0.1166,0.7692,3155.25
B0036,44,20,1.6,2,0.8679,0.8679,24,1.0,0.3183,0.8219,0.6466,0.8737,3199.485
B0036,45,20,1.6,2,0.8598,0.8598,24,0.9338,0.7598,0.6273,0.4391,0.8655,3196.015
B0036,47,20,1.6,2,0.8689,0.8689,24,0.8976,0.3312,0.6461,0.4514,0.8702,3198.0
B0036,48,20,1.6,2,0.8345,0.8345,24,0.8529,0.7048,0.4226,0.26,0.836,3183.516
B0036,49,20,1.6,2,0.8353,0.8353,24,0.7684,0.6856,0.342,0.2065,0.8366,3183.797
B0036,50,20,1.6,2,0.8537,0.8537,24,0.8163,0.9347,0.5297,0.4456,0.8548,3191.516
B0036,51,20,1.6,2,0.8493,0.8493,24,0.9263,0.7041,0.802,0.684,0.8512,3189.985
B0036,52,20,1.6,2,0.8492,0.8492,24,0.8788,0.3479,0.7598,0.5699,0.8506,3189.734
B0036,53,20,1.6,2,0.8167,0.8167,24,0.8347,0.691,0.5242,0.3815,0.8182,3176.016
B0036,54,20,1.6,2,0.8065,0.8065,24,0.8083,0.6982,0.474,0.344,0.8072,3171.36
B0036,55,20,1.6,2,0.8046,0.8046,24,0.784,0.6651,0.4764,0.4826,0.806,3170.843
B0036,56,20,1.6,2,0.7899,0.7899,24,0.8388,0.6504,0.5808,0.4769,0.7915,3164.672
B0036,57,20,1.6,2,0.8195,0.8195,24,0.8993,0.3424,0.8793,0.7831,0.8216,3177.453
B0036,58,20,1.6,2,0.8073,0.8073,24,0.8887,0.7132,0.7825,0.5866,0.8096,3172.375
B0036,59,20,1.6,2,0.776,0.776,24,0.7091,0.6138,0.3874,0.2722,0.7767,3158.406
B0036,60,20,1.6,2,0.7354,0.7354,24,0.7174,0.6321,0.2901,0.1789,0.7369,3141.578
B0036,61,20,1.6,2,0.7281,0.7281,24,0.6693,0.6266,0.2347,0.1407,0.7289,3138.187
B0036,62,20,1.6,2,0.7742,0.7742,24,0.788,0.2767,0.6781,0.6115,0.7756,3157.969
B0036,63,20,1.6,2,0.776,0.776,24,0.9207,0.6827,0.9448,0.8568,0.7787,3159.281
B0036,64,20,1.6,2,0.7559,0.7559,24,0.8298,0.6933,0.7287,0.5498,0.7577,3150.375
B0036,65,20,1.6,2,0.7181,0.7181,24,0.6614,0.6016,0.3485,0.2546,0.7192,3134.078
B0036,66,20,1.6,2,0.7086,0.7086,24,0.6135,0.6183,0.2802,0.2115,0.7091,3129.797
B0036,68,20,1.6,2,0.8642,0.8642,24,0.905,0.3888,0.851,0.7132,0.8675,3196.859
B0036,69,20,1.6,2,0.8063,0.8063,24,0.8638,0.6694,0.5687,0.3687,0.8085,3171.906
B0036,70,20,1.6,2,0.7801,0.7801,24,0.7154,0.6727,0.3226,0.1865,0.7824,3160.843
B0036,71,20,1.6,2,0.7475,0.7475,24,0.6851,0.6035,0.2392,0.1209,0.7501,3147.141
B0036,72,20,1.6,2,0.7335,0.7335,24,0.6373,0.6397,0.1808,0.0804,0.736,3141.203
B0036,73,20,1.6,2,0.7562,0.7562,24,0.7815,0.2996,0.5964,0.5086,0.7593,3151.047
B0036,74,20,1.6,2,0.7756,0.7756,24,0.8143,0.499,0.8802,0.7853,0.7785,3159.172
B0036,75,20,1.6,2,0.7337,0.7337,24,0.7447,0.6212,0.4811,0.339,0.7357,3141.047
B0036,76,20,1.6,2,0.7195,0.7195,24,0.5939,0.6377,0.2424,0.1679,0.7215,3135.031
B0036,77,20,1.6,2,0.6797,0.6797,24,0.5847,0.5626,0.1436,0.0631,0.6812,3117.984
B0036,78,20,1.6,2,0.6965,0.6965,24,0.5213,0.4316,0.151,0.1134,0.6985,3125.328
B0036,79,20,1.6,2,0.6841,0.6841,24,0.5432,0.572,0.183,0.1205,0.6864,3120.172
B0036,80,20,1.6,2,0.6768,0.6768,24,0.4905,0.5751,0.111,0.0779,0.678,3116.641
B0036,81,20,1.6,2,0.6628,0.6628,24,0.54,0.5906,0.1632,0.1129,0.6643,3110.844
B0036,82,20,1.6,2,0.6408,0.6408,24,0.5151,0.6099,0.1126,0.0596,0.6421,3101.406
B0036,83,20,1.6,2,0.6367,0.6367,24,0.4791,0.2792,0.1182,0.0687,0.6377,3099.563
B0036,84,20,1.6,2,0.6488,0.6488,24,0.4491,0.5815,0.113,0.0938,0.6497,3104.64
B0036,85,20,1.6,2,0.6373,0.6373,24,0.4773,0.5903,0.143,0.1011,0.6384,3099.875
B0036,86,20,1.6,2,0.6208,0.6208,24,0.438,0.5993,0.0969,0.0832,0.6228,3093.25
B0036,87,20,1.6,2,0.606,0.606,24,0.4846,0.5508,0.1371,0.0866,0.6073,3086.688
B0036,88,20,1.6,2,0.6242,0.6242,24,0.4002,0.4265,0.1068,0.0985,0.6252,3094.281
B0036,89,20,1.6,2,0.6099,0.6099,24,0.4558,0.5599,0.1308,0.1212,0.6112,3088.328
B0036,90,20,1.6,2,0.6271,0.6271,24,0.5024,0.5615,0.3073,0.3226,0.6285,3095.687
B0036,91,20,1.6,2,0.6412,0.6412,24,0.5778,0.5671,0.5021,0.5055,0.6436,3102.062
B0036,92,20,1.6,2,0.6531,0.6531,24,0.5836,0.5914,0.6189,0.512,0.6556,3107.141
B0036,93,20,1.6,2,0.616,0.616,24,0.3907,0.4328,0.2096,0.192,0.6168,3090.719
B0036,94,20,1.6,2,0.566,0.566,24,0.3687,0.5409,0.0591,0.0487,0.5674,3069.812
B0036,95,20,1.6,2,0.5537,0.5537,24,0.3311,0.5241,0.0,0.0,0.5548,3064.437
B0036,96,20,1.6,2,0.5969,0.5969,24,0.4228,0.9412,0.2809,0.3154,0.5992,3083.25
B0036,97,20,1.6,2,0.5814,0.5814,24,0.501,0.5579,0.4222,0.4629,0.5832,3076.484
B0036,98,20,1.6,2,0.5927,0.5927,24,0.4811,0.3257,0.4443,0.3952,0.5946,3081.297
B0036,99,20,1.6,2,0.5568,0.5568,24,0.3387,0.5239,0.1565,0.1438,0.5583,3065.953
B0036,100,20,1.6,2,0.5334,0.5334,24,0.302,0.4927,0.0786,0.1021,0.5344,3055.828
B0036,101,20,1.6,2,0.5228,0.5228,24,0.3323,0.4846,0.1088,0.1184,0.5241,3051.468
B0036,102,20,1.6,2,0.5636,0.5636,24,0.459,0.5222,0.445,0.4919,0.5655,3069.0
B0036,103,20,1.6,2,0.5871,0.5871,24,0.5466,0.2392,0.6896,0.6798,0.5897,3079.235
B0036,104,20,1.6,2,0.5665,0.5665,24,0.4156,0.5182,0.4457,0.427,0.5687,3070.344
B0036,105,20,1.6,2,0.5224,0.5224,24,0.2701,0.508,0.1475,0.1578,0.5242,3051.484
B0036,106,20,1.6,2,0.5306,0.5306,24,0.2341,0.9797,0.0901,0.1386,0.532,3054.812
B0036,107,20,1.6,2,0.5106,0.5106,24,0.2888,0.9828,0.1307,0.1697,0.5125,3046.532
B0036,108,20,1.6,2,0.57,0.57,24,0.498,0.4181,0.6617,0.6262,0.5721,3071.782
B0036,109,20,1.6,2,0.5749,0.5749,24,0.567,0.5446,0.8284,0.8003,0.5786,3074.532
B0036,110,20,1.6,2,0.5269,0.5269,24,0.4719,0.5301,0.5632,0.519,0.5293,3053.656
B0036,111,20,1.6,2,0.4765,0.4765,24,0.3112,0.5078,0.2302,0.2305,0.478,3031.953
B0036,112,20,1.6,2,0.4571,0.4571,24,0.271,0.4802,0.1415,0.1606,0.4581,3023.5
B0036,113,20,1.6,2,0.5017,0.5017,24,0.2585,0.3305,0.2767,0.3745,0.5034,3042.703
B0036,115,20,1.6,2,0.5571,0.5571,24,0.5497,0.2164,0.6016,0.5313,0.5603,3066.766
B0036,116,20,1.6,2,0.5105,0.5105,24,0.5022,0.5304,0.3723,0.3309,0.5115,3046.125
B0036,117,20,1.6,2,0.4804,0.4804,24,0.4713,0.5415,0.3128,0.2871,0.482,3033.625
B0036,118,20,1.6,2,0.469,0.469,24,0.4336,0.515,0.2766,0.255,0.47,3028.562
B0036,119,20,1.6,2,0.4503,0.4503,24,0.4494,0.4662,0.2699,0.247,0.4521,3020.984
B0036,120,20,1.6,2,0.4429,0.4429,24,0.416,0.1314,0.2718,0.2519,0.4437,3017.391
B0036,121,20,1.6,2,0.4539,0.4539,24,0.3704,0.4372,0.2489,0.2523,0.4549,3022.14
B0036,122,20,1.6,2,0.4227,0.4227,24,0.3992,0.4837,0.2384,0.2275,0.4239,3009.016
B0036,123,20,1.6,2,0.4352,0.4352,24,0.3155,0.5517,0.2349,0.2638,0.4372,3014.672
B0036,124,20,1.6,2,0.4265,0.4265,24,0.2996,0.5014,0.2175,0.2472,0.4279,3010.703
B0036,125,20,1.6,2,0.4294,0.4294,24,0.3398,0.4049,0.2656,0.2836,0.4303,3011.75
B0036,126,20,1.6,2,0.4146,0.4146,24,0.3372,0.511,0.2663,0.2746,0.4161,3005.734
B0036,127,20,1.6,2,0.3862,0.3862,24,0.3518,0.4766,0.2434,0.2524,0.3878,2993.75
B0036,128,20,1.6,2,0.3966,0.3966,24,0.2792,0.4786,0.2401,0.2772,0.3982,2998.125
B0036,129,20,1.6,2,0.3805,0.3805,24,0.2954,0.4677,0.2246,0.2422,0.381,2990.859
B0036,130,20,1.6,2,0.4582,0.4582,24,0.418,0.3678,0.6185,0.7109,0.4603,3024.453
B0036,131,20,1.6,2,0.4708,0.4708,24,0.5319,0.5176,0.8697,0.8414,0.4752,3030.765
B0036,132,20,1.6,2,0.4495,0.4495,24,0.4417,0.5167,0.715,0.675,0.4517,3020.813
B0036,133,20,1.6,2,0.3968,0.3968,24,0.3422,0.48,0.4278,0.4219,0.3982,2998.156
B0036,134,20,1.6,2,0.3698,0.3698,24,0.2853,0.4812,0.3195,0.3369,0.3713,2986.766
B0036,136,20,1.6,2,0.5126,0.5126,24,0.5588,0.1824,0.7892,0.7962,0.5152,3047.703
B0036,137,20,1.6,2,0.4831,0.4831,24,0.3945,0.4499,0.5141,0.5082,0.4852,3034.968
B0036,138,20,1.6,2,0.4275,0.4275,24,0.3635,0.4951,0.3781,0.3737,0.4303,3011.734
B0036,139,20,1.6,2,0.4081,0.4081,24,0.2884,0.4513,0.2895,0.2928,0.4095,3002.922
B0036,140,20,1.6,2,0.3697,0.3697,24,0.2512,0.3465,0.1879,0.1975,0.3712,2986.718
B0036,141,20,1.6,2,0.4144,0.4144,24,0.4261,0.1606,0.6194,0.6201,0.4172,3006.203
B0036,142,20,1.6,2,0.4267,0.4267,24,0.4902,0.3825,0.792,0.7723,0.43,3011.609
B0036,143,20,1.6,2,0.3664,0.3664,24,0.389,0.3653,0.52,0.4646,0.3694,2985.953
B0036,144,20,1.6,2,0.3443,0.3443,24,0.2244,0.3377,0.3081,0.3193,0.3467,2976.313
B0036,145,20,1.6,2,0.3174,0.3174,24,0.2199,0.3517,0.2584,0.2638,0.3193,2964.75
B0036,146,20,1.6,2,0.3299,0.3299,24,0.2816,0.11,0.4183,0.4573,0.3316,2969.953
B0036,147,20,1.6,2,0.3719,0.3719,24,0.3358,0.362,0.6542,0.6628,0.3753,2988.453
B0036,148,20,1.6,2,0.4022,0.4022,24,0.476,0.4242,1.0,1.0,0.4055,3001.235
B0036,149,20,1.6,2,0.3446,0.3446,24,0.3157,0.4049,0.6299,0.6285,0.3465,2976.234
B0036,150,20,1.6,2,0.284,0.284,24,0.2739,0.4276,0.4088,0.4218,0.2854,2950.39
B0036,151,20,1.6,2,0.2638,0.2638,24,0.1909,0.0865,0.2925,0.3315,0.265,2941.719
B0036,152,20,1.6,2,0.2768,0.2768,24,0.1321,0.4281,0.2665,0.3378,0.2774,2946.969
B0036,153,20,1.6,2,0.2515,0.2515,24,0.1683,0.3878,0.2702,0.3291,0.2519,2936.171
B0036,154,20,1.6,2,0.2301,0.2301,24,0.1984,0.371,0.2849,0.3295,0.2309,2927.281
B0036,155,20,1.6,2,0.2229,0.2229,24,0.1232,0.3754,0.2399,0.298,0.2241,2924.422
B0036,157,20,1.6,2,0.5304,0.5304,24,0.7166,0.1818,0.8141,0.7047,0.5352,3056.172
B0036,158,20,1.6,2,0.5037,0.5037,24,0.5901,0.4558,0.5688,0.4977,0.509,3045.078
B0036,159,20,1.6,2,0.4797,0.4797,24,0.4858,0.3632,0.4054,0.377,0.4835,3034.25
B0036,160,20,1.6,2,0.4524,0.4524,24,0.4758,0.4105,0.3437,0.3171,0.456,3022.609
B0036,161,20,1.6,2,0.4665,0.4665,24,0.5153,0.4956,0.5148,0.5502,0.4707,3028.828
B0036,162,20,1.6,2,0.4869,0.4869,24,0.5896,0.1345,0.794,0.7745,0.492,3037.875
B0036,163,20,1.6,2,0.4525,0.4525,24,0.4684,0.4022,0.5162,0.4631,0.4573,3023.187
B0036,164,20,1.6,2,0.3923,0.3923,24,0.4073,0.3648,0.2597,0.2533,0.3953,2996.922
B0036,165,20,1.6,2,0.3672,0.3672,24,0.3572,0.3471,0.1776,0.1934,0.3706,2986.469
B0036,166,20,1.6,2,0.3509,0.3509,24,0.3992,0.4094,0.2221,0.251,0.3535,2979.219
B0036,167,20,1.6,2,0.3879,0.3879,24,0.4061,0.1189,0.4339,0.4649,0.3909,2995.047
B0036,168,20,1.6,2,0.3752,0.3752,24,0.5048,0.415,0.5483,0.5601,0.3786,2989.828
B0036,169,20,1.6,2,0.374,0.374,24,0.4166,0.3785,0.5015,0.4708,0.3775,2989.391
B0036,170,20,1.6,2,0.3233,0.3233,24,0.3276,0.4175,0.2512,0.266,0.3253,2967.281
B0036,171,20,1.6,2,0.3123,0.3123,24,0.2358,0.3906,0.1786,0.2291,0.3143,2962.609
B0036,172,20,1.6,2,0.2983,0.2983,24,0.1871,0.1195,0.1248,0.2008,0.3011,2957.016
B0036,173,20,1.6,2,0.3357,0.3357,24,0.3301,0.3502,0.4919,0.5577,0.3395,2973.281
B0036,174,20,1.6,2,0.3238,0.3238,24,0.4267,0.4267,0.6159,0.6598,0.3271,2968.016
B0036,175,20,1.6,2,0.3034,0.3034,24,0.3241,0.4099,0.4732,0.4853,0.3064,2959.281
B0036,176,20,1.6,2,0.265,0.265,24,0.2059,0.3539,0.26,0.3127,0.2675,2942.797
B0036,178,20,1.6,2,0.2789,0.2789,24,0.2581,0.0765,0.2472,0.2768,0.2819,2948.891
B0036,179,20,1.6,2,0.2549,0.2549,24,0.2049,0.3487,0.1904,0.2508,0.2575,2938.547
B0036,180,20,1.6,2,0.2246,0.2246,24,0.2101,0.3793,0.1617,0.214,0.2266,2925.484
B0036,181,20,1.6,2,0.205,0.205,24,0.1914,0.3745,0.1415,0.1924,0.2073,2917.297
B0036,182,20,1.6,2,0.2094,0.2094,24,0.1702,0.3191,0.2091,0.275,0.2112,2918.938
B0036,183,20,1.6,2,0.2075,0.2075,24,0.0968,0.0,0.1695,0.2612,0.2095,2918.25
B0036,184,20,1.6,2,0.201,0.201,24,0.0871,0.3653,0.1508,0.2485,0.203,2915.484
B0036,185,20,1.6,2,0.1797,0.1797,24,0.0816,0.3549,0.1447,0.2379,0.1806,2906.015
B0036,186,20,1.6,2,0.1508,0.1508,24,0.0977,0.3349,0.1238,0.212,0.1526,2894.14
B0036,187,20,1.6,2,0.1462,0.1462,24,0.0673,0.3312,0.1375,0.2196,0.1476,2892.031
B0036,188,20,1.6,2,0.1387,0.1387,24,0.0843,0.3958,0.1247,0.1998,0.1398,2888.719
B0036,189,20,1.6,2,0.108,0.108,24,0.0423,0.3432,0.1067,0.2058,0.1089,2875.641
B0036,190,20,1.6,2,0.0726,0.0726,24,0.0574,0.2766,0.0974,0.1816,0.0738,2860.781
B0036,191,20,1.6,2,0.0544,0.0544,24,0.0489,0.2904,0.1116,0.1993,0.0551,2852.844
B0036,192,20,1.6,2,0.0585,0.0585,24,0.0,0.2982,0.1104,0.2385,0.0593,2854.64
B0036,193,20,1.6,2,0.1596,0.1596,24,0.3305,0.0351,0.8446,0.8464,0.1614,2897.844
B0036,194,20,1.6,2,0.1543,0.1543,24,0.2366,0.3084,0.787,0.8701,0.1571,2896.063
B0036,195,20,1.6,2,0.0859,0.0859,24,0.1401,0.3082,0.5175,0.581,0.0867,2866.234
B0036,196,20,1.6,2,0.0162,0.0162,24,0.083,0.2423,0.3079,0.3842,0.0167,2836.609
B0036,197,20,1.6,2,0.0,0.0,24,0.0398,0.3115,0.2532,0.339,0.0,2829.516
B0053,6,30,1.4,2,0.9994,0.9994,4,1.0,1.0,0.0091,0.0,0.1986,2473.875
B0053,7,30,1.4,2,0.7962,0.7962,4,0.5835,0.2317,0.2589,0.7638,1.0,2495.5
B0053,8,30,1.4,2,0.6336,0.6336,4,0.5331,0.9389,0.0487,0.6831,0.9519,2481.078
B0053,9,30,1.4,2,0.7548,0.7548,4,0.5731,0.9383,0.0025,0.6625,0.882,2460.125
B0053,10,30,1.4,2,0.7873,0.7873,4,0.7926,0.9489,0.153,0.1864,0.2725,2440.547
B0053,11,30,1.4,2,0.5268,0.5268,4,0.4873,0.958,0.0829,0.7089,0.848,2449.922
B0053,12,30,1.4,2,0.7879,0.7879,4,0.8662,0.1835,0.0469,0.0022,0.7107,2408.781
B0053,13,30,1.4,2,0.5294,0.5294,4,0.4514,0.9819,0.2142,0.77,0.8234,2442.547
B0053,14,30,1.4,2,0.6048,0.6048,4,0.466,0.9419,0.0035,0.6591,0.7504,2420.671
B0053,15,30,1.4,2,0.6773,0.6773,4,0.7161,0.9636,0.3074,0.3724,0.3578,2409.906
B0053,16,30,1.4,2,0.3287,0.3287,4,0.3543,0.9491,0.0019,0.6861,0.7371,2416.672
B0053,17,30,1.4,2,0.6512,0.6512,4,0.6559,0.1636,0.2266,0.1311,0.0306,2395.75
B0053,18,30,1.4,2,0.3579,0.3579,4,0.3719,0.9623,0.31,0.7677,0.7171,2410.688
B0053,19,30,1.4,2,0.3924,0.3924,4,0.253,0.921,0.0085,0.6996,0.6885,2402.125
B0053,20,30,1.4,2,0.5677,0.5677,4,0.7379,0.9305,0.0258,0.1164,0.5322,2355.265
B0053,21,30,1.4,2,0.4822,0.4822,4,0.4376,0.9826,0.474,0.7459,0.6705,2396.719
B0053,23,30,1.4,2,0.7204,0.7204,4,0.5538,0.1632,0.5262,0.4276,0.5051,2444.703
B0053,24,30,1.4,2,0.4125,0.4125,4,0.367,0.9086,0.0397,0.6529,0.7223,2412.25
B0053,25,30,1.4,2,0.5339,0.5339,4,0.4783,0.9384,0.4831,0.7375,0.61,2403.234
B0053,26,30,1.4,2,0.6005,0.6005,4,0.5535,0.9002,0.0038,0.3971,0.5515,2361.047
B0053,27,30,1.4,2,0.3262,0.3262,4,0.2662,0.9665,0.4018,0.7663,0.6563,2392.468
B0053,28,30,1.4,2,0.4976,0.4976,4,0.4951,0.1213,0.4824,0.3518,0.1414,2373.89
B0053,29,30,1.4,2,0.1721,0.1721,4,0.2116,0.936,0.3627,0.7865,0.6255,2383.234
B0053,30,30,1.4,2,0.4944,0.4944,4,0.3563,0.9122,0.0,0.4272,0.4895,2342.453
B0053,31,30,1.4,2,0.2658,0.2658,4,0.3252,0.9682,0.4672,0.7878,0.5457,2359.296
B0053,32,30,1.4,2,0.336,0.336,4,0.1564,0.9066,0.0189,0.6094,0.4995,2345.453
B0053,33,30,1.4,2,0.0,0.0,4,0.0155,0.102,0.3469,0.8221,0.5486,2360.172
B0053,34,30,1.4,2,0.4242,0.4242,4,0.4739,0.8963,0.0875,0.2919,0.3993,2315.407
B0053,35,30,1.4,2,0.3497,0.3497,4,0.4591,0.9376,0.2558,0.0633,0.4218,2322.156
B0053,37,30,1.4,2,0.0773,0.0773,4,0.1415,0.951,0.4737,0.7197,0.4646,2335.0
B0053,39,30,1.4,2,0.0075,0.0075,4,0.0693,0.9344,0.482,0.7738,0.4609,2333.875
B0053,40,30,1.4,2,0.18,0.18,4,0.0,0.888,0.1375,0.6345,0.4061,2317.453
B0053,42,30,1.4,2,0.0174,0.0174,4,0.0161,0.9442,0.6328,0.8501,0.4368,2326.657
B0053,44,30,1.4,2,1.0,1.0,4,0.7797,0.0445,0.5986,0.1011,0.0,2463.578
B0053,45,30,1.4,2,0.4371,0.4371,4,0.3582,0.8763,0.4819,0.8586,0.8776,2458.812
B0053,46,30,1.4,2,0.7245,0.7245,4,0.7603,0.8638,0.5477,0.0972,0.6837,2400.672
B0053,47,30,1.4,2,0.6892,0.6892,4,0.4325,0.8871,0.395,0.6737,0.6695,2396.407
B0053,48,30,1.4,2,0.2421,0.2421,4,0.3039,0.8673,0.5039,0.907,0.656,2392.375
B0053,49,30,1.4,2,0.3584,0.3584,4,0.2346,0.0,0.3363,0.7545,0.5937,2373.687
B0053,50,30,1.4,2,0.3765,0.3765,4,0.3379,0.8974,0.9536,1.0,0.6345,2385.922
B0053,51,30,1.4,2,0.5652,0.5652,4,0.4777,0.8736,0.4216,0.5397,0.498,2345.0
B0053,52,30,1.4,2,0.1571,0.1571,4,0.2668,0.9067,0.7632,0.9208,0.5582,2363.047
B0053,53,30,1.4,2,0.4983,0.4983,4,0.6598,0.8744,0.4566,0.1618,0.4036,2316.687
B0053,54,30,1.4,2,0.5021,0.5021,4,0.5242,0.061,0.5224,0.3773,0.4213,2322.0
B0053,55,30,1.4,2,0.2257,0.2257,4,0.234,0.9394,1.0,0.9994,0.5403,2357.687
B0054,3,30,1.4,2,1.0,1.0,4,0.8239,0.7247,0.347,0.2609,0.403,2818.578
B0054,5,30,1.4,2,0.8887,0.8887,4,0.963,0.6673,0.1216,0.1007,0.2661,2786.578
B0054,6,30,1.4,2,0.8518,0.8518,4,0.0,0.9356,1.0,1.0,1.0,2667.89
B0054,7,30,1.4,2,0.8193,0.8193,4,0.7743,0.0,0.2979,0.3464,0.313,2530.172
B0054,8,30,1.4,2,0.7747,0.7747,4,0.2254,0.9315,0.6437,0.6332,0.6962,2446.062
B0054,9,30,1.4,2,0.7782,0.7782,4,0.9131,0.8336,0.1621,0.1528,0.2533,2713.25
B0054,10,30,1.4,2,0.675,0.675,4,0.8993,0.9542,0.2182,0.3246,0.2172,2676.578
B0054,11,30,1.4,2,0.6916,0.6916,4,0.2454,0.9725,0.5996,0.6542,0.6318,2394.734
B0054,12,30,1.4,2,0.7523,0.7523,4,0.989,0.3134,0.0547,0.0566,0.1796,2673.0
B0054,13,30,1.4,2,0.6717,0.6717,4,0.2748,0.9805,0.8562,0.6794,0.4589,2619.578
B0054,14,30,1.4,2,0.7309,0.7309,4,0.9918,0.8169,0.0312,0.0202,0.1687,2640.016
B0054,15,30,1.4,2,0.6426,0.6426,4,1.0,0.974,0.0208,0.0719,0.1157,2621.187
B0054,16,30,1.4,2,0.5557,0.5557,4,0.1368,0.9869,0.9681,0.9321,0.8163,2616.453
B0054,17,30,1.4,2,0.6369,0.6369,4,0.1705,0.197,0.8511,0.8097,0.6199,2565.109
B0054,18,30,1.4,2,0.6643,0.6643,4,0.2252,0.7963,0.7754,0.7462,0.5061,2532.531
B0054,19,30,1.4,2,0.6469,0.6469,4,0.3253,0.8221,0.7616,0.6947,0.6325,2556.593
B0054,20,30,1.4,2,0.6459,0.6459,4,0.9623,0.4479,0.0391,0.0,0.1482,2577.891
B0054,21,30,1.4,2,0.5329,0.5329,4,0.1416,0.9768,0.9355,0.9562,0.7716,2572.36
B0054,23,30,1.4,2,0.9156,0.9156,4,0.8662,0.1697,0.1567,0.129,0.3661,2683.406
B0054,24,30,1.4,2,0.8217,0.8217,4,0.201,0.9364,0.8119,0.8608,0.8628,2646.156
B0054,25,30,1.4,2,0.751,0.751,4,0.2984,0.8286,0.7393,0.7045,0.7273,2593.531
B0054,26,30,1.4,2,0.6344,0.6344,4,0.2013,0.8249,0.8537,0.9246,0.7819,2604.125
B0054,27,30,1.4,2,0.6669,0.6669,4,0.9884,0.7981,0.0,0.0382,0.1406,2588.594
B0054,28,30,1.4,2,0.6662,0.6662,4,0.8961,0.5864,0.1633,0.1479,0.1949,2579.203
B0054,29,30,1.4,2,0.6128,0.6128,4,0.719,0.9853,0.3743,0.3334,0.3134,2555.453
B0054,30,30,1.4,2,0.5371,0.5371,4,0.1778,0.9822,0.8554,0.7956,0.5569,2525.609
B0054,31,30,1.4,2,0.6024,0.6024,4,0.8883,0.8187,0.1199,0.0679,0.1323,2536.172
B0054,32,30,1.4,2,0.4518,0.4518,4,0.1411,0.9782,0.909,0.9347,0.7217,2536.204
B0054,33,30,1.4,2,0.5327,0.5327,4,0.2503,0.2261,0.7955,0.6678,0.6048,2488.86
B0054,34,30,1.4,2,0.5027,0.5027,4,0.952,0.8361,0.0367,0.1403,0.0613,2518.547
B0054,35,30,1.4,2,0.4925,0.4925,4,0.2426,0.988,0.8296,0.767,0.6145,2485.766
B0054,36,30,1.4,2,0.4129,0.4129,4,0.1594,0.8571,0.9022,0.9368,0.6541,2506.718
B0054,37,30,1.4,2,0.4721,0.4721,4,0.2857,0.8409,0.7874,0.6612,0.5369,2459.297
B0054,38,30,1.4,2,0.4885,0.4885,4,0.873,0.2644,0.1577,0.1299,0.084,2488.734
B0054,39,30,1.4,2,0.3857,0.3857,4,0.1339,0.987,0.931,0.9215,0.6478,2491.375
B0054,40,30,1.4,2,0.4646,0.4646,4,0.5759,0.8331,0.5348,0.4553,0.3116,2467.328
B0054,41,30,1.4,2,0.3578,0.3578,4,0.9243,0.9237,0.0763,0.1825,0.022,2466.125
B0054,42,30,1.4,2,0.3508,0.3508,4,0.1066,1.0,0.973,0.9037,0.5632,2459.313
B0054,44,30,1.4,2,0.5448,0.5448,4,0.1867,0.204,0.8741,0.7853,0.5388,2534.156
B0054,45,30,1.4,2,0.5714,0.5714,4,0.8737,0.8018,0.1326,0.1539,0.1539,2521.985
B0054,46,30,1.4,2,0.4204,0.4204,4,0.1472,0.9778,0.9191,0.92,0.6748,2503.172
B0054,47,30,1.4,2,0.4301,0.4301,4,0.1689,0.8328,0.887,0.8527,0.5345,2474.344
B0054,49,30,1.4,2,0.5837,0.5837,4,0.2054,0.1517,0.878,0.7716,0.5526,2560.688
B0054,50,30,1.4,2,0.5903,0.5903,4,0.2544,0.7954,0.7978,0.6414,0.6736,2522.375
B0054,51,30,1.4,2,0.5153,0.5153,4,0.2033,0.8309,0.8358,0.745,0.4184,2488.719
B0054,52,30,1.4,2,0.48,0.48,4,0.2043,0.8221,0.8458,0.7318,0.3996,2474.844
B0054,53,30,1.4,2,0.4479,0.4479,4,0.1896,0.8362,0.883,0.8218,0.4826,2473.875
B0054,54,30,1.4,2,0.3438,0.3438,4,0.1496,0.1706,0.9666,0.9246,0.6237,2495.5
B0054,55,30,1.4,2,0.3545,0.3545,4,0.1613,0.8087,0.8954,0.9141,0.6055,2481.078
B0054,56,30,1.4,2,0.4375,0.4375,4,0.7638,0.7845,0.2974,0.2338,0.1695,2460.125
B0054,57,30,1.4,2,0.357,0.357,4,0.1353,0.9561,0.9355,0.8486,0.5104,2440.547
B0054,58,30,1.4,2,0.3207,0.3207,4,0.1343,0.8232,0.9015,0.9299,0.5792,2449.922
B0054,59,30,1.4,2,0.33,0.33,4,0.1671,0.1501,0.8805,0.7412,0.3082,2408.781
B0054,60,30,1.4,2,0.2945,0.2945,4,0.1336,0.8464,0.9273,0.9357,0.5689,2442.547
B0054,61,30,1.4,2,0.3782,0.3782,4,0.7388,0.8048,0.3085,0.2538,0.1257,2420.671
B0054,62,30,1.4,2,0.2931,0.2931,4,0.1233,0.9648,0.9532,0.905,0.4983,2409.906
B0054,63,30,1.4,2,0.3094,0.3094,4,0.8713,0.7972,0.1068,0.2089,0.0,2416.672
B0054,64,30,1.4,2,0.2753,0.2753,4,0.112,0.5163,0.9426,0.8258,0.4344,2395.75
B0054,65,30,1.4,2,0.2265,0.2265,4,0.1162,0.8234,0.9565,0.9306,0.527,2410.688
B0054,66,30,1.4,2,0.3378,0.3378,4,0.8157,0.7845,0.1658,0.1806,0.034,2402.125
B0054,67,30,1.4,2,0.2779,0.2779,4,0.139,0.9746,0.8522,0.6546,0.204,2355.265
B0054,68,30,1.4,2,0.21,0.21,4,0.1262,0.8513,0.9704,0.9383,0.5081,2396.719
B0054,70,30,1.4,2,0.2766,0.2766,4,0.149,0.1541,0.984,0.9271,0.5671,2444.703
B0054,71,30,1.4,2,0.3596,0.3596,4,0.7675,0.7882,0.2472,0.2816,0.0875,2412.25
B0054,72,30,1.4,2,0.2268,0.2268,4,0.1185,0.959,0.9746,0.9332,0.5603,2403.234
B0054,73,30,1.4,2,0.2858,0.2858,4,0.2401,0.8646,0.7715,0.69,0.4305,2361.047
B0054,74,30,1.4,2,0.1459,0.1459,4,0.1118,0.8494,0.9384,0.9018,0.5312,2392.468
B0054,75,30,1.4,2,0.1796,0.1796,4,0.1072,0.1333,0.9842,0.9106,0.4303,2373.89
B0054,76,30,1.4,2,0.1662,0.1662,4,0.1051,0.8357,0.9045,0.9121,0.4877,2383.234
B0054,77,30,1.4,2,0.2508,0.2508,4,0.371,0.8034,0.6641,0.5523,0.2958,2342.453
B0054,78,30,1.4,2,0.1347,0.1347,4,0.1034,0.8694,0.9587,0.9474,0.4877,2359.296
B0054,79,30,1.4,2,0.2454,0.2454,4,0.6105,0.8271,0.411,0.3349,0.126,2345.453
B0054,80,30,1.4,2,0.1263,0.1263,4,0.0518,0.3499,0.938,0.9297,0.5041,2360.172
B0054,81,30,1.4,2,0.21,0.21,4,0.2171,0.8253,0.8003,0.6328,0.4163,2315.407
B0054,82,30,1.4,2,0.1722,0.1722,4,0.1174,0.8321,0.8849,0.7586,0.2529,2322.156
B0054,83,30,1.4,2,0.1514,0.1514,4,0.1025,0.8249,0.9283,0.8845,0.3988,2327.157
B0054,84,30,1.4,2,0.0842,0.0842,4,0.086,0.8315,0.9261,0.9061,0.4558,2335.0
B0054,85,30,1.4,2,0.1207,0.1207,4,0.0906,0.0901,0.9617,0.8646,0.3535,2329.375
B0054,86,30,1.4,2,0.0987,0.0987,4,0.0784,0.8387,0.9296,0.9286,0.4535,2333.875
B0054,87,30,1.4,2,0.1836,0.1836,4,0.5956,0.8118,0.415,0.3369,0.0976,2317.453
B0054,88,30,1.4,2,0.118,0.118,4,0.1035,0.9242,0.8792,0.7737,0.2144,2295.109
B0054,89,30,1.4,2,0.0375,0.0375,4,0.0836,0.8592,0.9568,0.9416,0.4409,2326.657
B0054,91,30,1.4,2,0.275,0.275,4,0.1437,0.0781,0.8333,0.7217,0.4236,2463.578
B0054,92,30,1.4,2,0.2792,0.2792,4,0.134,0.7837,0.764,0.8053,0.5275,2458.812
B0054,93,30,1.4,2,0.186,0.186,4,0.1485,0.7705,0.7859,0.7189,0.342,2400.672
B0054,94,30,1.4,2,0.2193,0.2193,4,0.2751,0.8346,0.649,0.6211,0.3831,2396.407
B0054,95,30,1.4,2,0.1782,0.1782,4,0.1031,0.8083,0.7601,0.808,0.4584,2392.375
B0054,96,30,1.4,2,0.1566,0.1566,4,0.5854,0.0315,0.2921,0.367,0.0927,2373.687
B0054,97,30,1.4,2,0.0326,0.0326,4,0.0892,0.9176,0.8991,0.8444,0.4665,2385.922
B0054,98,30,1.4,2,0.124,0.124,4,0.2551,0.8447,0.6208,0.4866,0.3487,2345.0
B0054,99,30,1.4,2,0.0249,0.0249,4,0.0818,0.8361,0.8074,0.8365,0.4365,2363.047
B0054,100,30,1.4,2,0.0606,0.0606,4,0.1481,0.8084,0.6836,0.6318,0.1509,2316.687
B0054,101,30,1.4,2,0.0562,0.0562,4,0.165,0.0655,0.6925,0.5592,0.0884,2322.0
B0054,102,30,1.4,2,0.0,0.0,4,0.0804,0.8276,0.8742,0.8401,0.4289,2357.687
B0055,5,30,1.4,2,0.9957,0.9957,4,0.5845,0.6184,0.7898,0.4911,0.9987,2786.578
B0055,6,30,1.4,2,1.0,1.0,4,0.5012,0.6593,0.8036,0.2689,0.6226,2667.89
B0055,7,30,1.4,2,0.97,0.97,4,0.2476,0.0196,1.0,0.77,1.0,2530.172
B0055,8,30,1.4,2,0.9174,0.9174,4,0.2833,0.7106,0.9285,0.5633,0.781,2446.062
B0055,9,30,1.4,2,0.8318,0.8318,4,0.8333,0.7481,0.7758,0.2659,0.8156,2713.25
B0055,10,30,1.4,2,0.7374,0.7374,4,0.6845,0.7911,0.8903,0.7155,0.7755,2676.578
B0055,11,30,1.4,2,0.7569,0.7569,4,0.3673,0.7847,0.843,0.4602,0.5971,2394.734
B0055,12,30,1.4,2,0.6643,0.6643,4,0.8747,0.1629,0.762,0.464,0.6916,2673.0
B0055,13,30,1.4,2,0.6679,0.6679,4,0.6621,0.826,0.8538,0.7863,0.7357,2619.578
B0055,14,30,1.4,2,0.5944,0.5944,4,0.9587,0.8126,0.6873,0.3521,0.5876,2640.016
B0055,15,30,1.4,2,0.5166,0.5166,4,0.9148,0.8741,0.6963,0.4699,0.6083,2621.187
B0055,16,30,1.4,2,0.4905,0.4905,4,0.8655,0.8818,0.7379,0.5899,0.5602,2616.453
B0055,17,30,1.4,2,0.564,0.564,4,0.6235,0.2753,0.883,0.7296,0.7162,2565.109
B0055,18,30,1.4,2,0.5566,0.5566,4,0.6386,0.8631,0.85,0.7631,0.6725,2532.531
B0055,19,30,1.4,2,0.5533,0.5533,4,0.6811,0.8667,0.8164,0.7889,0.6198,2556.593
B0055,21,30,1.4,2,0.4247,0.4247,4,0.7548,0.8963,0.8103,0.7021,0.5531,2572.36
B0055,23,30,1.4,2,0.8001,0.8001,4,0.9132,0.1773,0.5546,0.3237,0.8244,2683.406
B0055,24,30,1.4,2,0.7697,0.7697,4,0.8163,0.8598,0.641,0.2465,0.818,2646.156
B0055,25,30,1.4,2,0.6891,0.6891,4,0.5741,0.8759,0.782,0.6737,0.7474,2593.531
B0055,26,30,1.4,2,0.5793,0.5793,4,0.6902,0.8492,0.7321,0.7484,0.7201,2604.125
B0055,27,30,1.4,2,0.5175,0.5175,4,0.9902,0.8925,0.5193,0.3796,0.5534,2588.594
B0055,28,30,1.4,2,0.5169,0.5169,4,0.969,0.359,0.5461,0.3638,0.5542,2579.203
B0055,29,30,1.4,2,0.5364,0.5364,4,0.8986,0.9201,0.5578,0.2607,0.6181,2555.453
B0055,30,30,1.4,2,0.5011,0.5011,4,0.5693,0.9554,0.8078,0.8437,0.6803,2525.609
B0055,31,30,1.4,2,0.475,0.475,4,0.9522,0.8945,0.4878,0.2851,0.5199,2536.172
B0055,32,30,1.4,2,0.4054,0.4054,4,0.7489,0.9481,0.677,0.6469,0.5737,2536.204
B0055,33,30,1.4,2,0.5029,0.5029,4,0.4449,0.3426,0.8187,0.7781,0.5911,2488.86
B0055,34,30,1.4,2,0.3639,0.3639,4,0.8874,0.8756,0.5218,0.5261,0.472,2518.547
B0055,35,30,1.4,2,0.4606,0.4606,4,0.626,0.9648,0.7087,0.5074,0.5783,2485.766
B0055,36,30,1.4,2,0.3415,0.3415,4,0.7063,0.9303,0.6659,0.7152,0.5216,2506.718
B0055,37,30,1.4,2,0.4408,0.4408,4,0.5413,0.9507,0.7483,0.5973,0.4913,2459.297
B0055,38,30,1.4,2,0.3535,0.3535,4,0.9327,0.2858,0.4845,0.3562,0.4178,2488.734
B0055,39,30,1.4,2,0.3438,0.3438,4,0.6111,0.9895,0.7545,0.7656,0.5275,2491.375
B0055,40,30,1.4,2,0.4095,0.4095,4,0.8192,0.9258,0.5626,0.226,0.4174,2467.328
B0055,41,30,1.4,2,0.2605,0.2605,4,0.7587,0.9502,0.6081,0.6365,0.436,2466.125
B0055,42,30,1.4,2,0.3357,0.3357,4,0.4758,0.7568,0.8857,0.863,0.5747,2459.313
B0055,44,30,1.4,2,0.5666,0.5666,4,0.2604,0.3178,0.8869,1.0,0.9079,2534.156
B0055,45,30,1.4,2,0.432,0.432,4,1.0,0.8439,0.3413,0.2683,0.4692,2521.985
B0055,46,30,1.4,2,0.3978,0.3978,4,0.5432,0.9949,0.7261,0.7887,0.6349,2503.172
B0055,47,30,1.4,2,0.4112,0.4112,4,0.4651,0.9574,0.7729,0.8711,0.6217,2474.344
B0055,49,30,1.4,2,0.6739,0.6739,4,0.2733,0.0357,0.8123,0.968,0.9836,2560.688
B0055,50,30,1.4,2,0.6017,0.6017,4,0.4655,0.848,0.603,0.6636,0.7768,2522.375
B0055,51,30,1.4,2,0.544,0.544,4,0.445,0.8996,0.6667,0.8464,0.7271,2488.719
B0055,52,30,1.4,2,0.4778,0.4778,4,0.47,0.8979,0.6367,0.8087,0.7187,2474.844
B0055,53,30,1.4,2,0.4152,0.4152,4,0.5532,0.908,0.5708,0.7304,0.6158,2473.875
B0055,54,30,1.4,2,0.3508,0.3508,4,0.5552,0.3015,0.5989,0.694,0.5845,2495.5
B0055,55,30,1.4,2,0.3103,0.3103,4,0.7258,0.9674,0.4264,0.5869,0.4764,2481.078
B0055,56,30,1.4,2,0.326,0.326,4,0.9494,0.9791,0.2141,0.1736,0.3705,2460.125
B0055,57,30,1.4,2,0.3169,0.3169,4,0.5103,0.6944,0.6189,0.7679,0.5342,2440.547
B0055,58,30,1.4,2,0.2205,0.2205,4,0.7958,0.9796,0.3468,0.4642,0.3757,2449.922
B0055,59,30,1.4,2,0.317,0.317,4,0.3085,0.4108,0.6046,0.8264,0.6103,2408.781
B0055,60,30,1.4,2,0.2216,0.2216,4,0.7152,0.9391,0.425,0.5409,0.4276,2442.547
B0055,61,30,1.4,2,0.2377,0.2377,4,0.8906,0.9992,0.2019,0.1406,0.3456,2420.671
B0055,62,30,1.4,2,0.2236,0.2236,4,0.405,0.7382,0.6329,0.7873,0.5066,2409.906
B0055,63,30,1.4,2,0.1321,0.1321,4,0.8626,0.9467,0.1898,0.3488,0.3061,2416.672
B0055,64,30,1.4,2,0.2641,0.2641,4,0.2757,0.4257,0.6966,0.8844,0.5975,2395.75
B0055,65,30,1.4,2,0.1772,0.1772,4,0.6699,0.9398,0.4606,0.574,0.3968,2410.688
B0055,66,30,1.4,2,0.1399,0.1399,4,0.978,0.9843,0.0747,0.1384,0.2395,2402.125
B0055,67,30,1.4,2,0.2137,0.2137,4,0.2894,0.6176,0.5791,0.7112,0.405,2355.265
B0055,68,30,1.4,2,0.1648,0.1648,4,0.4482,0.9584,0.6041,0.7362,0.4378,2396.719
B0055,70,30,1.4,2,0.3321,0.3321,4,0.1408,0.3943,0.7715,0.9485,0.7178,2444.703
B0055,71,30,1.4,2,0.2101,0.2101,4,0.8881,0.8791,0.1366,0.2468,0.3095,2412.25
B0055,72,30,1.4,2,0.2232,0.2232,4,0.3604,0.6658,0.6717,0.7944,0.5213,2403.234
B0055,73,30,1.4,2,0.2621,0.2621,4,0.6149,0.9516,0.3232,0.2149,0.3756,2361.047
B0055,74,30,1.4,2,0.1304,0.1304,4,0.4629,0.7218,0.5192,0.6743,0.4154,2392.468
B0055,75,30,1.4,2,0.2305,0.2305,4,0.2195,0.3429,0.6978,0.8701,0.5577,2373.89
B0055,76,30,1.4,2,0.0987,0.0987,4,0.6849,0.9486,0.3105,0.4623,0.3383,2383.234
B0055,77,30,1.4,2,0.2289,0.2289,4,0.6775,0.7461,0.2735,0.1907,0.3242,2342.453
B0055,78,30,1.4,2,0.1248,0.1248,4,0.3436,0.7108,0.6326,0.807,0.4409,2359.296
B0055,79,30,1.4,2,0.1369,0.1369,4,0.8546,0.9489,0.1185,0.0,0.2165,2345.453
B0055,80,30,1.4,2,0.0583,0.0583,4,0.5703,0.4454,0.3634,0.5555,0.3328,2360.172
B0055,81,30,1.4,2,0.1876,0.1876,4,0.4414,0.7239,0.4218,0.3618,0.368,2315.407
B0055,82,30,1.4,2,0.1734,0.1734,4,0.0876,0.6842,0.6502,0.8581,0.4368,2322.156
B0055,83,30,1.4,2,0.1523,0.1523,4,0.2482,0.9396,0.6106,0.8015,0.4714,2327.157
B0055,84,30,1.4,2,0.0757,0.0757,4,0.5146,0.9634,0.4415,0.5825,0.3246,2335.0
B0055,85,30,1.4,2,0.1513,0.1513,4,0.1239,0.352,0.6611,0.901,0.5273,2329.375
B0055,86,30,1.4,2,0.0649,0.0649,4,0.568,0.9369,0.3685,0.5253,0.3176,2333.875
B0055,87,30,1.4,2,0.1048,0.1048,4,0.8142,1.0,0.0929,0.0453,0.221,2317.453
B0055,88,30,1.4,2,0.1214,0.1214,4,0.0601,0.6298,0.5973,0.8415,0.4499,2295.109
B0055,89,30,1.4,2,0.0742,0.0742,4,0.3785,0.9406,0.5153,0.6676,0.365,2326.657
B0055,91,30,1.4,2,0.4322,0.4322,4,0.0,0.0,0.4747,0.7819,0.7847,2463.578
B0055,93,30,1.4,2,0.3016,0.3016,4,0.1431,0.6621,0.4007,0.7415,0.6436,2400.672
B0055,94,30,1.4,2,0.2818,0.2818,4,0.7213,0.8918,0.0,0.0364,0.0,2396.407
B0055,97,30,1.4,2,0.0972,0.0972,4,0.1314,0.6852,0.5113,0.7763,0.5501,2385.922
B0055,98,30,1.4,2,0.2072,0.2072,4,0.5978,0.9452,0.0525,0.1128,0.016,2345.0
B0055,99,30,1.4,2,0.0,0.0,4,0.4866,0.7126,0.2102,0.4961,0.3568,2363.047
B0055,100,30,1.4,2,0.1373,0.1373,4,0.2427,0.6796,0.2465,0.5225,0.2853,2316.687
B0055,101,30,1.4,2,0.1701,0.1701,4,0.3715,0.2549,0.1949,0.3491,0.2051,2322.0
B0055,102,30,1.4,2,0.0401,0.0401,4,0.3363,0.6593,0.4016,0.6409,0.4247,2357.687
B0056,4,30,1.4,2,1.0,1.0,4,0.0162,0.7594,1.0,0.4844,0.766,2713.812
B0056,5,30,1.4,2,0.8297,0.8297,4,0.4078,0.7524,0.8695,0.662,1.0,2786.578
B0056,6,30,1.4,2,0.8041,0.8041,4,0.2954,0.7922,0.8079,0.3744,0.5362,2667.89
B0056,9,30,1.4,2,0.619,0.619,4,0.7457,0.8223,0.6219,0.14,0.2376,2713.25
B0056,10,30,1.4,2,0.6529,0.6529,4,0.505,0.8175,0.7247,0.8022,0.8574,2676.578
B0056,11,30,1.4,2,0.6442,0.6442,4,0.0,0.8392,0.7985,0.4504,0.5302,2394.734
B0056,12,30,1.4,2,0.5719,0.5719,4,0.6966,0.3874,0.7052,0.5083,0.7929,2673.0
B0056,13,30,1.4,2,0.6577,0.6577,4,0.4328,0.8478,0.7465,0.9013,0.8151,2619.578
B0056,14,30,1.4,2,0.4667,0.4667,4,0.8335,0.8613,0.5802,0.3845,0.6835,2640.016
B0056,15,30,1.4,2,0.4358,0.4358,4,0.7849,0.8772,0.5556,0.5366,0.707,2621.187
B0056,16,30,1.4,2,0.4602,0.4602,4,0.6757,0.8823,0.6128,0.679,0.6781,2616.453
B0056,17,30,1.4,2,0.5759,0.5759,4,0.4084,0.4698,0.7504,0.8766,0.7966,2565.109
B0056,18,30,1.4,2,0.5517,0.5517,4,0.4219,0.8713,0.7262,0.8956,0.7772,2532.531
B0056,19,30,1.4,2,0.5397,0.5397,4,0.5005,0.8927,0.6768,0.61,0.576,2556.593
B0056,20,30,1.4,2,0.3148,0.3148,4,0.9079,0.5841,0.4448,0.222,0.6107,2577.891
B0056,21,30,1.4,2,0.3959,0.3959,4,0.6718,0.9024,0.6274,0.7396,0.6501,2572.36
B0056,23,30,1.4,2,0.8108,0.8108,4,0.7211,0.395,0.4309,0.2786,0.9887,2683.406
B0056,24,30,1.4,2,0.712,0.712,4,0.773,0.8727,0.3982,0.13,0.3499,2646.156
B0056,25,30,1.4,2,0.7697,0.7697,4,0.4444,0.8773,0.5626,0.5149,0.6619,2593.531
B0056,26,30,1.4,2,0.6459,0.6459,4,0.5364,0.8579,0.5743,0.7769,0.854,2604.125
B0056,27,30,1.4,2,0.4614,0.4614,4,0.851,0.8776,0.382,0.371,0.7051,2588.594
B0056,28,30,1.4,2,0.4315,0.4315,4,0.8821,0.4907,0.3669,0.2642,0.6817,2579.203
B0056,29,30,1.4,2,0.4225,0.4225,4,0.8615,0.9195,0.3204,0.033,0.6995,2555.453
B0056,30,30,1.4,2,0.5341,0.5341,4,0.4966,0.915,0.5997,0.8551,0.7641,2525.609
B0056,31,30,1.4,2,0.3273,0.3273,4,0.9207,0.9102,0.2499,0.1226,0.5964,2536.172
B0056,32,30,1.4,2,0.3966,0.3966,4,0.6593,0.9187,0.4527,0.6847,0.6268,2536.204
B0056,33,30,1.4,2,0.5103,0.5103,4,0.4419,0.4832,0.5246,0.5946,0.5443,2488.86
B0056,34,30,1.4,2,0.3282,0.3282,4,0.7627,0.9091,0.3281,0.5304,0.6241,2518.547
B0056,35,30,1.4,2,0.4032,0.4032,4,0.6342,0.9276,0.4613,0.4022,0.329,2485.766
B0056,36,30,1.4,2,0.3293,0.3293,4,0.6646,0.9042,0.4147,0.6766,0.5985,2506.718
B0056,37,30,1.4,2,0.3833,0.3833,4,0.5795,0.9414,0.4742,0.4926,0.3876,2459.297
B0056,38,30,1.4,2,0.2274,0.2274,4,0.8909,0.5016,0.2901,0.2117,0.517,2488.734
B0056,39,30,1.4,2,0.3382,0.3382,4,0.6072,0.9446,0.5144,0.7254,0.6061,2491.375
B0056,41,30,1.4,2,0.22,0.22,4,0.7239,0.9546,0.3158,0.6108,0.5111,2466.125
B0056,42,30,1.4,2,0.3023,0.3023,4,0.5951,0.9527,0.6302,0.8386,0.5785,2459.313
B0056,43,30,1.4,2,0.6423,0.6423,4,0.486,0.0,0.4589,0.5743,0.8563,2559.125
B0056,44,30,1.4,2,0.7355,0.7355,4,0.317,0.4726,0.6237,0.9577,0.9306,2534.156
B0056,45,30,1.4,2,0.362,0.362,4,0.9317,0.8959,0.1621,0.1915,0.6276,2521.985
B0056,46,30,1.4,2,0.4799,0.4799,4,0.5379,0.9403,0.6076,0.7923,0.7221,2503.172
B0056,47,30,1.4,2,0.4626,0.4626,4,0.5041,0.922,0.5792,0.8637,0.6811,2474.344
B0056,49,30,1.4,2,0.8985,0.8985,4,0.2207,0.369,0.6558,0.9215,0.9585,2560.688
B0056,50,30,1.4,2,0.7248,0.7248,4,0.4256,0.9057,0.4633,0.5481,0.6142,2522.375
B0056,51,30,1.4,2,0.6606,0.6606,4,0.3687,0.9099,0.5394,0.753,0.7387,2488.719
B0056,52,30,1.4,2,0.5864,0.5864,4,0.4013,0.9176,0.5199,0.7901,0.6784,2474.844
B0056,53,30,1.4,2,0.5486,0.5486,4,0.3939,0.9215,0.5849,0.9272,0.7507,2473.875
B0056,54,30,1.4,2,0.4762,0.4762,4,0.4595,0.4772,0.6435,0.7969,0.7186,2495.5
B0056,55,30,1.4,2,0.3681,0.3681,4,0.6025,0.9147,0.3796,0.7332,0.6046,2481.078
B0056,56,30,1.4,2,0.2,0.2,4,0.9751,0.9444,0.1548,0.0228,0.5486,2460.125
B0056,57,30,1.4,2,0.4127,0.4127,4,0.4376,0.9667,0.6367,0.8787,0.6673,2440.547
B0056,58,30,1.4,2,0.2388,0.2388,4,0.703,0.9205,0.3438,0.5888,0.5263,2449.922
B0056,59,30,1.4,2,0.4146,0.4146,4,0.3501,0.5314,0.542,0.7794,0.537,2408.781
B0056,60,30,1.4,2,0.2752,0.2752,4,0.5901,0.9344,0.496,0.6927,0.5559,2442.547
B0056,61,30,1.4,2,0.1043,0.1043,4,0.9673,0.9489,0.1163,0.0,0.4445,2420.671
B0056,62,30,1.4,2,0.3133,0.3133,4,0.4598,0.9772,0.6796,0.8844,0.5867,2409.906
B0056,63,30,1.4,2,0.1197,0.1197,4,0.7719,0.9335,0.1766,0.4673,0.4305,2416.672
B0056,64,30,1.4,2,0.3324,0.3324,4,0.352,0.5591,0.6077,0.9231,0.6035,2395.75
B0056,65,30,1.4,2,0.1705,0.1705,4,0.6514,0.9467,0.4757,0.6532,0.4725,2410.688
B0056,66,30,1.4,2,0.0,0.0,4,1.0,0.9761,0.0,0.1177,0.3347,2402.125
B0056,67,30,1.4,2,0.2796,0.2796,4,0.3609,0.9826,0.4922,0.6722,0.3728,2355.265
B0056,68,30,1.4,2,0.1904,0.1904,4,0.5565,0.96,0.6763,0.7747,0.5166,2396.719
B0056,69,30,1.4,2,0.3798,0.3798,4,0.3629,0.0817,0.3302,0.6922,0.6442,2442.344
B0056,70,30,1.4,2,0.488,0.488,4,0.3067,0.5101,0.7941,1.0,0.731,2444.703
B0056,71,30,1.4,2,0.1301,0.1301,4,0.8794,0.916,0.0637,0.2548,0.4133,2412.25
B0056,72,30,1.4,2,0.3002,0.3002,4,0.4754,0.9878,0.7219,0.8356,0.5781,2403.234
B0056,73,30,1.4,2,0.178,0.178,4,0.6744,0.9567,0.2561,0.1969,0.0154,2361.047
B0056,74,30,1.4,2,0.1963,0.1963,4,0.5141,0.9753,0.585,0.8115,0.4666,2392.468
B0056,75,30,1.4,2,0.2793,0.2793,4,0.3694,0.5275,0.7222,0.9569,0.5621,2373.89
B0056,76,30,1.4,2,0.1305,0.1305,4,0.6099,0.9577,0.4356,0.6359,0.4418,2383.234
B0056,78,30,1.4,2,0.1623,0.1623,4,0.4769,0.9952,0.649,0.7338,0.4669,2359.296
B0056,80,30,1.4,2,0.0554,0.0554,4,0.5894,0.6037,0.3738,0.6406,0.3528,2360.172
B0056,81,30,1.4,2,0.1365,0.1365,4,0.508,0.9886,0.342,0.3093,0.0,2315.407
B0056,82,30,1.4,2,0.191,0.191,4,0.3328,0.9592,0.5121,0.8436,0.4063,2322.156
B0056,83,30,1.4,2,0.132,0.132,4,0.4413,0.97,0.5777,0.8707,0.4429,2327.157
B0056,84,30,1.4,2,0.0455,0.0455,4,0.5512,0.9732,0.5092,0.6839,0.3734,2335.0
B0056,85,30,1.4,2,0.1695,0.1695,4,0.3392,0.5555,0.5825,0.9217,0.4733,2329.375
B0056,86,30,1.4,2,0.0369,0.0369,4,0.5487,0.9585,0.4441,0.6663,0.3375,2333.875
B0056,88,30,1.4,2,0.1385,0.1385,4,0.3027,1.0,0.5014,0.8463,0.3918,2295.109
B0056,89,30,1.4,2,0.0276,0.0276,4,0.5283,0.9725,0.5673,0.7416,0.3603,2326.657
B0056,91,30,1.4,2,0.7156,0.7156,4,0.1612,0.435,0.5492,0.7702,0.7453,2463.578
B0056,92,30,1.4,2,0.3744,0.3744,4,0.61,0.8851,0.1842,0.5862,0.6411,2458.812
B0056,93,30,1.4,2,0.4982,0.4982,4,0.2634,0.9528,0.5216,0.781,0.5959,2400.672
B0056,95,30,1.4,2,0.1428,0.1428,4,0.7167,0.9638,0.1545,0.4735,0.4537,2392.375
B0056,97,30,1.4,2,0.2686,0.2686,4,0.4188,0.9962,0.7248,0.87,0.5557,2385.922
B0056,99,30,1.4,2,0.1257,0.1257,4,0.5512,0.9904,0.4812,0.7283,0.4403,2363.047
B0056,100,30,1.4,2,0.213,0.213,4,0.3734,0.9822,0.4161,0.5529,0.2169,2316.687
B0056,101,30,1.4,2,0.1838,0.1838,4,0.4314,0.5297,0.3987,0.4053,0.1322,2322.0
B0056,102,30,1.4,2,0.1419,0.1419,4,0.49,0.9869,0.6259,0.8515,0.4233,2357.687
