Cycle,Voltage_mean,Temperature_max,Time_at_max_temp,Discharge_duration
73,0.5813,0.5039,0.506,3140.547
129,0.3932,0.6775,0.1925,2990.859
4,0.0162,0.4844,0.766,2713.812
87,0.2633,0.735,0.2219,2912.469
49,0.2346,0.7545,0.5937,2373.687
63,0.5741,0.4171,0.398,3091.25
34,0.8905,0.4182,0.5852,3190.313
136,0.1786,0.6833,0.1548,2883.016
17,0.1705,0.8097,0.6199,2565.109
149,0.1279,0.8639,0.2907,2976.234
92,0.216,0.8053,0.1736,2884.984
60,0.1336,0.9357,0.5689,2442.547
25,0.2984,0.7045,0.7273,2593.531
174,0.713,0.5873,0.1954,2968.016
81,0.2171,0.6328,0.4163,2315.407
159,0.4858,0.377,0.4835,3034.25
52,0.8824,0.2398,0.7422,3275.125
16,0.7517,0.0345,0.6797,3215.859
10,0.7926,0.1864,0.2725,2440.547
152,0.1321,0.3378,0.2774,2946.969
120,0.0,0.5922,0.0,2751.516
96,0.4228,0.3154,0.5992,3083.25
121,0.3209,0.9759,0.2681,2955.438
76,0.6648,0.6829,0.4129,3135.031
38,0.6549,0.6095,0.5414,3222.093
131,0.5319,0.8414,0.4752,3030.765
123,0.6913,0.5832,0.1719,3014.672
89,0.7464,0.607,0.266,3088.328
173,0.3301,0.5577,0.3395,2973.281
26,0.5364,0.7769,0.854,2604.125
87,0.6952,0.6319,0.2917,3086.688
143,0.1477,0.6607,0.1027,2855.594
91,0.5322,0.7457,0.484,3082.937
23,0.8259,0.0416,0.7066,3289.562
190,0.1219,0.7776,0.0691,2860.781
138,0.5704,0.6799,0.1789,3011.734
83,0.4413,0.8707,0.4429,2327.157
131,0.5864,0.8765,0.2835,3030.765
82,0.8377,0.5489,0.2807,3101.406
57,0.7293,0.3583,0.5668,3191.063
39,0.6267,0.662,0.5387,3220.344
20,0.8556,0.0674,0.7713,3312.844
137,0.6955,0.6844,0.2277,3034.968
194,0.8807,0.7127,0.0797,2896.063
74,0.4012,0.6434,0.2993,2998.875
115,0.3073,0.9193,0.2418,2947.266
164,0.0248,0.8721,0.0183,2793.39
149,0.3157,0.6285,0.3465,2976.234
91,0.2764,0.7222,0.1975,2893.375
9,0.9131,0.1528,0.2533,2713.25
100,0.5193,0.5004,0.3283,3055.828
137,0.1554,0.6471,0.1442,2873.453
187,0.7503,0.5227,0.0514,2892.031
9,0.2902,0.2042,0.885,3236.125
34,0.4739,0.2919,0.3993,2315.407
101,0.4314,0.4053,0.1322,2322.0
6,0.7266,0.3069,0.9577,3652.281
3,0.9099,0.4606,0.9714,3410.375
45,1.0,0.2683,0.4692,2521.985
9,0.8062,0.3788,0.9578,3550.594
11,0.3677,0.201,0.8199,3226.078
45,0.9427,0.3222,0.7869,3196.015
29,0.7775,0.1672,0.8593,3210.234
7,0.7266,0.3402,0.9564,3650.828
13,0.3478,0.1853,0.8786,3222.188
180,0.2101,0.214,0.2266,2925.484
99,0.412,0.6661,0.3294,3021.0
36,0.6904,0.0475,0.828,3180.156
152,0.1259,0.6498,0.1035,2846.39
97,0.5918,0.6004,0.3786,3076.484
76,0.5939,0.1679,0.7215,3135.031
134,0.6059,0.645,0.134,2986.766
41,1.0,0.3922,0.4894,3165.359
17,0.6253,0.1782,0.8896,3225.125
37,0.921,0.4037,0.5067,3171.953
92,0.7601,0.7593,0.3501,3107.141
76,0.6849,0.4623,0.3383,2383.234
78,0.5213,0.1134,0.6985,3125.328
131,0.4014,1.0,0.2456,3030.765
179,0.419,0.684,0.1077,2938.547
93,0.2634,0.781,0.5959,2400.672
121,0.5435,0.5804,0.2209,3022.14
25,0.5741,0.6737,0.7474,2593.531
32,0.7879,0.543,0.6379,3268.687
73,0.5619,0.5415,0.6366,3151.047
85,0.1239,0.901,0.5273,2329.375
35,0.4591,0.0633,0.4218,2322.156
64,0.8298,0.5498,0.7577,3150.375
70,0.658,0.4934,0.5855,3159.078
61,0.7849,0.3572,0.6928,3212.469
117,0.2821,0.832,0.2276,2929.125
59,0.3501,0.7794,0.537,2408.781
4,0.6722,0.4679,0.98,3631.563
21,0.8619,0.0,0.7465,3302.031
68,0.1262,0.9383,0.5081,2396.719
76,0.5895,0.4515,0.5593,3135.031
34,0.8874,0.5261,0.472,2518.547
91,0.1612,0.7702,0.7453,2463.578
33,0.994,0.1407,0.9162,3395.219
145,0.0841,0.8893,0.0799,2847.36
59,0.1671,0.7412,0.3082,2408.781
8,0.2833,0.5633,0.781,2446.062
54,0.9078,0.2931,0.7276,3171.36
45,0.9317,0.1915,0.6276,2521.985
7,0.5835,0.7638,1.0,2495.5
122,0.4769,0.6067,0.2212,3009.016
25,0.8519,0.1069,0.7816,3325.235
28,0.8961,0.1479,0.1949,2579.203
30,0.8225,0.3378,0.6722,3287.0
33,0.8949,0.3974,0.6118,3191.735
132,0.032,0.7978,0.0047,2742.843
35,0.9517,0.0289,0.89,3368.187
134,0.2508,0.9448,0.1787,2901.25
116,0.6836,0.6465,0.2444,3046.125
161,0.408,0.6081,0.3831,3028.828
127,0.5412,0.6074,0.1745,2993.75
145,0.2199,0.2638,0.3193,2964.75
105,0.0393,0.9985,0.0319,2779.5
38,0.9701,0.2489,0.783,3192.172
15,0.6238,0.0735,0.6964,3211.859
102,0.3777,0.7143,0.32,3002.641
32,0.8811,0.3689,0.5787,3188.625
9,0.8333,0.2659,0.8156,2713.25
118,0.6726,0.6241,0.2099,3028.562
42,0.9366,0.1854,0.7099,3155.25
98,0.4037,0.7211,0.3773,3030.375
99,0.4345,0.6888,0.3587,3021.0
93,0.2006,0.8554,0.1564,2870.234
85,0.4522,0.5435,0.4023,3067.203
42,0.9386,0.2936,0.817,3311.828
160,0.4502,0.485,0.3731,3022.609
101,0.3715,0.3491,0.2051,2322.0
10,0.9574,0.4595,0.9384,3404.141
87,0.5107,0.4893,0.4402,3086.688
84,0.4491,0.0938,0.6497,3104.64
55,0.7258,0.5869,0.4764,2481.078
71,0.8881,0.2468,0.3095,2412.25
44,0.2604,1.0,0.9079,2534.156
28,0.8821,0.2642,0.6817,2579.203
124,0.1712,0.6027,0.0682,2809.234
161,0.5153,0.5502,0.4707,3028.828
167,0.4978,0.7711,0.2016,2995.047
9,0.7457,0.14,0.2376,2713.25
108,0.498,0.6262,0.5721,3071.782
183,0.2276,0.7754,0.1575,2918.25
11,0.3673,0.4602,0.5971,2394.734
151,0.1975,0.5819,0.1234,2864.547
26,0.8259,0.1151,0.8703,3228.141
73,0.3863,0.6468,0.3166,3012.937
112,0.3334,0.7964,0.258,2956.359
35,0.6967,0.0325,0.8327,3182.156
32,0.9952,0.1891,0.9345,3414.109
36,0.9733,0.1476,0.8806,3368.266
93,0.1485,0.7189,0.342,2400.672
22,0.8044,0.0614,0.7129,3305.547
101,0.165,0.5592,0.0884,2322.0
42,0.4758,0.863,0.5747,2459.313
8,0.2491,0.2178,0.9296,3235.36
61,0.9673,0.0,0.4445,2420.671
18,0.3719,0.7677,0.7171,2410.688
89,0.4129,0.7582,0.3827,3049.328
192,0.7,0.3989,0.0164,2854.64
58,0.8096,0.3669,0.729,3240.14
50,0.4256,0.5481,0.6142,2522.375
46,0.5432,0.7887,0.6349,2503.172
113,0.3294,0.7084,0.2969,3042.703
110,0.4719,0.519,0.5293,3053.656
124,0.5816,0.6004,0.1989,3010.703
123,0.6184,0.6099,0.2069,3014.672
53,0.1896,0.8218,0.4826,2473.875
191,0.5267,0.4759,0.0612,2852.844
65,0.4935,0.4895,0.3644,3062.328
99,0.5512,0.7283,0.4403,2363.047
72,0.6814,0.3642,0.587,3141.203
132,0.1841,0.6695,0.1543,2882.969
2,0.8768,0.7092,0.9777,3425.485
56,0.8409,0.2845,0.7372,3248.593
47,0.8032,0.142,0.7186,3285.812
58,0.9612,0.4083,0.7095,3172.375
78,0.6068,0.5584,0.5392,3120.86
29,0.8007,0.4584,0.6951,3295.453
140,0.1278,0.9525,0.1154,2864.984
58,0.1343,0.9299,0.5792,2449.922
86,0.4615,0.4983,0.4136,3058.157
155,0.1232,0.298,0.2241,2924.422
87,0.4478,0.5873,0.3825,3058.812
155,0.0842,0.8362,0.0624,2829.843
32,0.7506,0.0635,0.848,3188.625
80,0.612,0.417,0.4901,3116.641
175,0.8078,0.5028,0.1568,2959.281
104,0.4329,0.8763,0.3676,3020.11
121,0.2201,0.4221,0.1446,2848.859
75,0.3694,0.9569,0.5621,2373.89
74,0.8143,0.7853,0.7785,3159.172
70,0.7154,0.1865,0.7824,3160.843
23,0.3902,0.2244,1.0,3252.985
193,0.2596,1.0,0.1746,2897.844
5,0.963,0.1007,0.2661,2786.578
117,0.4713,0.2871,0.482,3033.625
90,0.5024,0.3226,0.6285,3095.687
142,0.5728,0.7744,0.2571,3011.609
62,0.1233,0.905,0.4983,2409.906
155,0.3665,0.6239,0.1638,2924.422
36,0.6661,0.4872,0.5895,3236.515
99,0.3387,0.1438,0.5583,3065.953
39,0.1339,0.9215,0.6478,2491.375
27,0.8912,0.4892,0.7279,3311.766
95,0.8133,0.5214,0.1765,3064.437
170,0.3276,0.266,0.3253,2967.281
184,0.6088,0.4571,0.1108,2915.484
171,0.3265,0.7839,0.165,2962.609
96,0.5854,0.367,0.0927,2373.687
176,0.2059,0.3127,0.2675,2942.797
148,0.6685,0.9101,0.2074,3001.235
92,0.5026,0.7585,0.4575,3074.266
24,0.5113,0.1736,0.9549,3245.25
120,0.416,0.2519,0.4437,3017.391
125,0.2327,0.8378,0.1966,2919.812
14,0.466,0.6591,0.7504,2420.671
52,0.47,0.8087,0.7187,2474.844
62,0.5614,0.4745,0.4279,3105.265
68,0.6481,0.4406,0.5467,3167.593
158,0.0847,0.5301,0.0409,2819.579
37,0.5795,0.4926,0.3876,2459.297
71,0.6773,0.359,0.6143,3147.141
70,0.3661,0.5342,0.3069,3003.0
50,0.4525,0.7203,0.7964,3191.516
14,0.5274,0.1095,0.7498,3216.546
175,0.3241,0.4853,0.3064,2959.281
182,0.5224,0.5134,0.1427,2918.938
13,0.4514,0.77,0.8234,2442.547
138,0.2833,0.9144,0.2149,3011.734
165,0.3572,0.1934,0.3706,2986.469
56,0.7792,0.3516,0.691,3248.593
42,0.0161,0.8501,0.4368,2326.657
133,0.3422,0.4219,0.3982,2998.156
144,0.1165,0.9389,0.0889,2847.437
81,0.2913,0.5766,0.2214,2921.031
51,0.7322,0.4016,0.8266,3189.985
114,0.3074,0.9759,0.2581,2956.406
27,0.7707,0.1484,0.9171,3217.875
23,0.5538,0.4276,0.5051,2444.703
65,0.8119,0.6448,0.4002,3134.078
78,0.5527,0.5599,0.4731,3120.86
188,0.6749,0.4185,0.0506,2888.719
144,0.2244,0.3193,0.3467,2976.313
138,0.2055,0.6569,0.1338,2874.031
150,0.1847,0.7417,0.2505,2950.39
129,0.6002,0.6237,0.1506,2990.859
64,0.9227,0.4734,0.6405,3150.375
50,0.7305,0.1535,0.6059,3232.265
55,0.784,0.4826,0.806,3170.843
55,0.6025,0.7332,0.6046,2481.078
57,0.4376,0.8787,0.6673,2440.547
57,0.7759,0.3245,0.7019,3238.766
5,0.6688,0.4616,0.9776,3629.172
53,0.3939,0.9272,0.7507,2473.875
25,0.7237,0.0433,0.9576,3235.031
164,0.449,0.736,0.2366,2996.922
112,0.3222,0.812,0.2594,2956.359
162,0.274,0.9687,0.42,3037.875
126,0.3372,0.2746,0.4161,3005.734
5,0.4078,0.662,1.0,2786.578
20,0.9623,0.0,0.1482,2577.891
33,0.9672,0.0521,0.8755,3395.219
124,0.284,0.6759,0.2158,2918.375
18,0.9391,0.3114,0.791,3339.969
92,0.5836,0.512,0.6556,3107.141
28,0.8289,0.4085,0.725,3220.219
45,0.5887,0.2516,0.5028,3181.625
130,0.1643,0.8166,0.1516,2882.906
130,0.5269,0.855,0.1974,3024.453
88,0.7785,0.5728,0.2527,3094.281
79,0.6105,0.3349,0.126,2345.453
186,0.0977,0.212,0.1526,2894.14
104,0.4156,0.427,0.5687,3070.344
36,0.86,0.4418,0.5314,3180.156
100,0.3734,0.5529,0.2169,2316.687
13,0.9667,0.2295,0.8645,3370.656
50,0.2544,0.6414,0.6736,2522.375
99,0.1603,0.8664,0.0674,2821.531
110,0.3765,0.8565,0.2785,2974.985
148,0.476,1.0,0.4055,3001.235
47,0.5041,0.8637,0.6811,2474.344
16,0.9392,0.5244,0.8359,3357.734
100,0.302,0.1021,0.5344,3055.828
32,0.1411,0.9347,0.7217,2536.204
125,0.2703,0.6785,0.2067,2919.812
23,0.9132,0.3237,0.8244,2683.406
103,0.3479,0.7629,0.35,3012.0
127,0.2021,0.8365,0.1788,2901.375
12,0.4249,0.1629,0.8133,3224.5
64,0.7567,0.3578,0.6573,3195.125
97,0.501,0.4629,0.5832,3076.484
39,0.9362,0.3342,0.803,3194.735
36,0.9772,0.1045,0.7477,3180.156
164,0.4073,0.2533,0.3953,2996.922
127,0.3518,0.2524,0.3878,2993.75
102,0.49,0.8515,0.4233,2357.687
109,0.3261,0.8931,0.2965,2975.297
116,0.2764,0.8855,0.2325,2937.984
33,0.4449,0.7781,0.5911,2488.86
114,0.3203,0.9513,0.2504,2956.406
50,0.7469,0.3312,0.814,3191.516
63,0.9207,0.8568,0.7787,3159.281
27,0.6665,0.1906,0.8841,3217.875
15,0.7161,0.3724,0.3578,2409.906
55,0.234,0.9994,0.5403,2357.687
115,0.177,0.9092,0.0629,2812.719
21,0.7548,0.7021,0.5531,2572.36
26,0.2013,0.9246,0.7819,2604.125
128,0.6758,0.6088,0.1361,2998.125
138,0.1661,0.9463,0.1243,2874.031
195,0.6287,0.6032,0.0829,2866.234
82,0.0876,0.8581,0.4368,2322.156
94,0.4504,0.6826,0.4211,3056.437
159,0.0376,0.6057,0.042,2810.672
20,0.9079,0.222,0.6107,2577.891
113,0.3315,0.8713,0.2578,2956.344
98,0.4215,0.6652,0.3509,3030.375
13,0.8952,0.3957,0.9365,3470.281
6,0.2954,0.3744,0.5362,2667.89
84,0.2701,0.7962,0.159,2892.094
153,0.1199,0.8405,0.0801,2837.969
141,0.4261,0.6201,0.4172,3006.203
126,0.2732,0.6604,0.1961,2900.422
49,0.2207,0.9215,0.9585,2560.688
39,0.938,0.0,0.8356,3331.265
40,0.9634,0.2886,0.7775,3178.75
33,0.0155,0.8221,0.5486,2360.172
100,0.1062,0.9091,0.0758,2805.156
101,0.7076,0.5946,0.1983,3051.468
14,0.9918,0.0202,0.1687,2640.016
165,0.5474,0.4554,0.2669,2986.469
53,0.8734,0.3125,0.7533,3176.016
86,0.568,0.5253,0.3176,2333.875
12,0.8565,0.437,0.937,3491.016
95,0.537,0.4592,0.3628,3064.437
58,0.703,0.5888,0.5263,2449.922
136,0.6346,0.8566,0.2482,3047.703
51,0.92,0.2561,0.7516,3283.563
51,0.3687,0.753,0.7387,2488.719
188,0.411,0.6563,0.001,2888.719
93,0.7246,0.6421,0.2619,3090.719
95,0.7167,0.4735,0.4537,2392.375
37,0.9666,0.0749,0.8712,3358.719
24,0.5743,0.369,0.8908,3245.25
188,0.0843,0.1998,0.1398,2888.719
68,0.4186,0.4738,0.3266,3031.25
40,0.6947,0.4189,0.6496,3250.75
66,0.978,0.1384,0.2395,2402.125
172,0.1871,0.2008,0.3011,2957.016
135,0.2349,0.6771,0.1645,2891.703
55,0.1613,0.9141,0.6055,2481.078
7,0.2476,0.77,1.0,2530.172
105,0.2701,0.1578,0.5242,3051.484
73,0.6151,0.7332,0.5771,3151.047
171,0.2358,0.2291,0.3143,2962.609
120,0.6101,0.5927,0.2135,3017.391
153,0.1683,0.3291,0.2519,2936.171
139,0.7122,0.5577,0.1328,3002.922
56,0.7638,0.2338,0.1695,2460.125
31,0.9207,0.1226,0.5964,2536.172
31,0.9342,0.0817,0.7963,3200.969
126,0.4815,0.647,0.2117,3005.734
101,0.3681,0.7432,0.3308,3012.265
103,0.371,0.7089,0.3195,3012.0
15,0.9148,0.4699,0.6083,2621.187
86,0.4048,0.557,0.3927,3058.157
111,0.3414,0.834,0.269,2966.25
16,0.9384,0.2776,0.9135,3429.407
73,0.6149,0.2149,0.3756,2361.047
26,0.7226,0.0798,0.9413,3228.141
49,0.2054,0.7716,0.5526,2560.688
1,0.5595,0.5455,1.0,3690.234
113,0.2585,0.3745,0.5034,3042.703
119,0.0393,0.6653,0.0397,2766.516
155,0.5459,0.6057,0.0402,2924.422
101,0.4879,0.5192,0.3411,3051.468
39,0.0693,0.7738,0.4609,2333.875
98,0.4738,0.6647,0.4061,3081.297
65,0.6614,0.2546,0.7192,3134.078
58,0.6587,0.4083,0.5253,3165.828
97,0.1302,0.8684,0.1114,2832.703
1,0.6693,0.3236,1.0,3690.234
71,0.4587,0.5569,0.3808,3045.187
24,0.773,0.13,0.3499,2646.156
69,0.6453,0.442,0.7087,3171.906
107,0.2888,0.1697,0.5125,3046.532
101,0.3323,0.1184,0.5241,3051.468
81,0.54,0.1129,0.6643,3110.844
42,0.921,0.2364,0.783,3311.828
41,0.9882,0.1965,0.7246,3165.359
160,0.0416,0.8621,0.0359,2811.485
83,0.4791,0.0687,0.6377,3099.563
125,0.4983,0.6716,0.2018,3011.75
123,0.2804,0.8186,0.2144,2929.078
54,0.4595,0.7969,0.7186,2495.5
55,0.8267,0.3035,0.7119,3257.594
140,0.6988,0.468,0.1131,2986.718
125,0.1063,0.6336,0.0626,2791.187
127,0.2617,0.6515,0.1859,2901.375
101,0.4083,0.7215,0.3411,3012.265
166,0.0283,0.8941,0.0082,2792.485
11,0.9771,0.5394,0.9171,3396.141
151,0.394,0.7058,0.1142,2941.719
37,0.7055,0.3947,0.5526,3230.734
67,0.3609,0.6722,0.3728,2355.265
123,0.3155,0.2638,0.4372,3014.672
93,0.4521,0.5762,0.4226,3090.719
147,0.6941,0.654,0.1672,2988.453
34,0.952,0.1403,0.0613,2518.547
89,0.5023,0.497,0.4239,3088.328
102,0.3363,0.6409,0.4247,2357.687
49,0.7619,0.1657,0.6413,3240.031
11,0.0509,0.2501,0.9133,3226.078
32,0.9733,0.1446,0.8965,3414.109
59,0.8184,0.4243,0.7101,3230.109
110,0.4989,0.7444,0.3357,3053.656
67,0.6553,0.4295,0.5564,3176.438
38,0.8406,0.4861,0.8564,3192.172
109,0.567,0.8003,0.5786,3074.532
38,0.9301,0.0,0.8137,3339.5
23,0.8662,0.129,0.3661,2683.406
74,0.6858,0.7953,0.592,3159.172
43,0.9259,0.2161,0.8002,3327.391
112,0.3977,0.6071,0.2712,3023.5
35,0.2426,0.767,0.6145,2485.766
194,0.2382,0.9821,0.1728,2896.063
85,0.5613,0.4701,0.46,3099.875
105,0.3807,0.876,0.3412,3002.172
73,0.2401,0.69,0.4305,2361.047
197,0.7385,0.4412,0.0,2829.516
79,0.7781,0.6049,0.3465,3120.172
109,0.3596,0.8752,0.2899,2975.297
88,0.4504,0.6699,0.3715,3058.578
30,0.9694,0.0883,0.8728,3392.719
168,0.1165,0.8906,0.0634,2820.39
106,0.2341,0.1386,0.532,3054.812
167,0.4061,0.4649,0.3909,2995.047
52,0.2043,0.7318,0.3996,2474.844
59,0.7734,0.456,0.6596,3230.109
72,0.6577,0.4752,0.5571,3149.094
115,0.746,0.7,0.2937,3066.766
142,0.0876,0.8747,0.0974,2855.625
196,0.083,0.3842,0.0167,2836.609
176,0.6461,0.4864,0.1573,2942.797
130,0.6252,0.7991,0.217,3024.453
85,0.0906,0.8646,0.3535,2329.375
46,0.5379,0.7923,0.7221,2503.172
77,0.5853,0.4148,0.5319,3117.984
61,0.9304,0.2828,0.6043,3138.187
55,0.8461,0.3189,0.7552,3257.594
141,0.7204,0.6112,0.1862,3006.203
116,0.5022,0.3309,0.5115,3046.125
132,0.4417,0.675,0.4517,3020.813
83,0.2482,0.8015,0.4714,2327.157
77,0.3807,0.6089,0.2341,2954.797
185,0.0816,0.2379,0.1806,2906.015
30,0.5693,0.8437,0.6803,2525.609
94,0.1872,0.8753,0.1487,2864.11
47,0.594,0.3323,0.911,3198.0
141,0.1435,0.6202,0.1136,2855.093
121,0.3704,0.2523,0.4549,3022.14
107,0.3532,0.8196,0.2994,2964.468
35,0.9126,0.1204,0.7684,3182.156
106,0.2903,0.3957,0.2251,2899.234
69,0.8638,0.3687,0.8085,3171.906
50,0.9494,0.3047,0.7716,3301.579
49,1.0,0.5711,0.8531,3329.266
28,0.969,0.3638,0.5542,2579.203
84,0.5512,0.6839,0.3734,2335.0
154,0.1984,0.3295,0.2309,2927.281
13,0.5319,0.104,0.7664,3222.188
93,0.5199,0.6788,0.4305,3066.0
149,0.073,0.6819,0.0722,2828.328
15,0.7849,0.5366,0.707,2621.187
156,0.0491,0.6222,0.0632,2829.625
187,0.0673,0.2196,0.1476,2892.031
117,0.7873,0.5721,0.1938,3033.625
79,0.2973,0.7469,0.2316,2941.375
51,0.4777,0.5397,0.498,2345.0
160,0.4758,0.3171,0.456,3022.609
16,0.3543,0.6861,0.7371,2416.672
11,0.4873,0.7089,0.848,2449.922
102,0.459,0.4919,0.5655,3069.0
154,0.278,0.6662,0.1919,2927.281
44,0.7797,0.1011,0.0,2463.578
110,0.6043,0.7834,0.2989,3053.656
163,0.4346,0.828,0.3246,3023.187
13,0.2748,0.6794,0.4589,2619.578
49,0.8138,0.2563,0.8036,3183.797
104,0.1089,0.9286,0.0249,2785.391
97,0.6512,0.7249,0.3091,3076.484
27,0.9884,0.0382,0.1406,2588.594
152,0.5411,0.6242,0.0587,2946.969
131,0.0293,0.9175,0.0326,2753.25
86,0.2907,0.6893,0.256,2942.531
123,0.1461,0.6826,0.0936,2817.375
106,0.3828,0.8333,0.3224,2992.703
11,0.0,0.4504,0.5302,2394.734
20,0.7379,0.1164,0.5322,2355.265
94,0.4189,0.5272,0.3918,3069.812
139,0.2884,0.2928,0.4095,3002.922
35,0.9712,0.3632,0.5136,3182.156
148,0.0996,0.9153,0.0618,2838.515
128,0.103,0.9876,0.0466,2777.844
19,0.8318,0.0403,0.6829,3218.25
23,0.4426,0.3721,1.0,3252.985
122,0.3039,0.8826,0.2321,2937.625
166,0.3992,0.251,0.3535,2979.219
39,0.6072,0.7254,0.6061,2491.375
180,0.323,0.721,0.1151,2925.484
92,0.617,0.6703,0.4453,3107.141
37,0.1415,0.7197,0.4646,2335.0
37,0.5413,0.5973,0.4913,2459.297
45,0.3582,0.8586,0.8776,2458.812
41,0.9382,0.2598,0.8264,3321.844
107,0.2858,0.6026,0.1897,2894.922
183,0.0968,0.2612,0.2095,2918.25
163,0.596,0.557,0.3266,3023.187
73,0.6258,0.5067,0.5581,3140.547
36,0.9384,0.1427,0.8456,3368.266
127,0.0767,0.8227,0.059,2774.719
185,0.7143,0.424,0.0751,2906.015
144,0.1589,0.625,0.0934,2847.437
146,0.2816,0.4573,0.3316,2969.953
16,0.5622,0.1574,0.8539,3215.859
112,0.5495,0.6761,0.2076,3023.5
151,0.2619,0.6638,0.2151,2941.719
12,0.6966,0.5083,0.7929,2673.0
96,0.7818,0.6134,0.2408,3083.25
111,0.6509,0.6462,0.1969,3031.953
32,0.7489,0.6469,0.5737,2536.204
69,0.3629,0.6922,0.6442,2442.344
27,0.9894,0.047,0.8946,3412.406
48,0.3039,0.907,0.656,2392.375
134,0.28,0.6857,0.186,2901.25
193,0.3305,0.8464,0.1614,2897.844
46,0.7633,0.1349,0.7502,3302.36
45,0.8847,0.0865,0.8083,3293.172
15,1.0,0.0719,0.1157,2621.187
35,0.7273,0.4627,0.6066,3243.422
23,0.8292,0.2037,1.0,3252.985
26,0.7019,0.423,0.7691,3228.141
31,0.9522,0.2851,0.5199,2536.172
124,0.2996,0.2472,0.4279,3010.703
82,0.3328,0.8436,0.4063,2322.156
97,0.4257,0.6559,0.3604,3039.047
53,0.8621,0.3189,0.7317,3265.656
103,0.5466,0.6798,0.5897,3079.235
132,0.148,0.8251,0.142,2882.969
185,0.3836,0.6888,0.0356,2906.015
116,0.7666,0.5409,0.2569,3046.125
189,0.369,0.666,0.0,2875.641
53,0.8706,0.3067,0.7818,3265.656
67,0.5018,0.4017,0.3313,3034.672
158,0.3146,0.8016,0.4391,3045.078
63,0.8713,0.2089,0.0,2416.672
97,0.1314,0.7763,0.5501,2385.922
30,0.8505,0.3614,0.6773,3210.546
91,0.1437,0.7217,0.4236,2463.578
51,0.7821,0.3902,0.618,3232.031
21,0.8827,0.0,0.81,3194.39
70,0.3067,1.0,0.731,2444.703
92,0.4951,0.7568,0.4324,3074.266
77,0.5227,0.4598,0.4633,3121.672
19,0.3253,0.6947,0.6325,2556.593
74,0.1118,0.9018,0.5312,2392.468
126,0.2189,0.8327,0.1874,2900.422
134,0.2853,0.3369,0.3713,2986.766
100,0.4257,0.7085,0.3502,3021.75
8,0.2254,0.6332,0.6962,2446.062
162,0.0554,0.5868,0.0212,2801.625
119,0.7421,0.5761,0.1607,3020.984
117,0.2531,0.8594,0.2236,2929.125
25,0.6477,0.152,0.9125,3235.031
24,0.367,0.6529,0.7223,2412.25
21,0.8316,0.4731,0.9821,3552.297
107,0.3315,0.7917,0.2954,2964.468
17,0.6235,0.7296,0.7162,2565.109
45,0.9338,0.4391,0.8655,3196.015
189,0.6853,0.3945,0.0505,2875.641
37,1.0,0.1039,0.7309,3171.953
126,0.5771,0.6525,0.1783,3005.734
62,0.6823,0.4063,0.6192,3213.219
148,0.0871,0.6433,0.0621,2838.515
111,0.3432,0.816,0.2688,2966.25
81,0.5326,0.4636,0.5005,3110.844
52,0.4013,0.7901,0.6784,2474.844
167,0.7366,0.4993,0.2375,2995.047
152,0.1208,0.8893,0.0981,2846.39
58,0.6683,0.8001,0.6417,3172.375
88,0.3027,0.8463,0.3918,2295.109
58,0.8887,0.5866,0.8096,3172.375
176,0.3247,0.7901,0.1514,2942.797
106,0.5498,0.505,0.3002,3054.812
54,0.6831,0.6775,0.6212,3171.36
118,0.4336,0.255,0.47,3028.562
87,0.5956,0.3369,0.0976,2317.453
8,0.5331,0.6831,0.9519,2481.078
161,0.0086,0.8971,0.0362,2802.422
47,0.8976,0.4514,0.8702,3198.0
87,0.4846,0.0866,0.6073,3086.688
151,0.1295,0.8894,0.1336,2864.547
66,0.9197,0.3379,0.5167,3129.797
166,0.4873,0.7066,0.137,2979.219
82,0.1174,0.7586,0.2529,2322.156
88,0.4777,0.6703,0.4137,3058.578
21,0.823,0.0,0.5614,3194.39
41,0.7469,0.188,0.7931,3165.359
88,0.4002,0.0985,0.6252,3094.281
154,0.1082,0.8363,0.071,2838.156
78,0.8236,0.5697,0.3309,3125.328
16,0.1368,0.9321,0.8163,2616.453
37,0.2857,0.6612,0.5369,2459.297
139,0.1433,1.0,0.1245,2874.234
56,0.6714,0.716,0.6045,3164.672
80,0.2538,0.6772,0.2115,2923.953
145,0.0943,0.6588,0.0935,2847.36
77,0.8191,0.558,0.3215,3117.984
77,0.5847,0.0631,0.6812,3117.984
80,0.4905,0.0779,0.678,3116.641
84,0.5146,0.5825,0.3246,2335.0
77,0.5493,0.449,0.5211,3121.672
60,0.6126,0.3485,0.4596,3131.922
136,0.5588,0.7962,0.5152,3047.703
28,0.7752,0.2572,0.9226,3220.219
69,0.6365,0.4642,0.5362,3167.719
136,0.1502,0.9217,0.142,2883.016
34,0.9734,0.0166,0.8889,3386.0
38,0.9303,0.4808,0.6247,3192.172
180,0.6424,0.4454,0.1313,2925.484
83,0.5132,0.6417,0.4683,3086.531
140,0.1775,0.6799,0.1237,2864.984
74,0.4629,0.6743,0.4154,2392.468
34,0.9732,0.1216,0.7828,3190.313
67,0.139,0.6546,0.204,2355.265
37,0.6959,0.0524,0.8086,3171.953
95,0.3311,0.0,0.5548,3064.437
194,0.2366,0.8701,0.1571,2896.063
113,0.7261,0.608,0.1849,3042.703
15,0.9386,0.3026,0.8542,3363.015
52,0.7182,0.4425,0.5921,3209.515
43,0.486,0.5743,0.8563,2559.125
24,0.8198,0.002,0.6994,3283.797
17,0.943,0.2946,0.8914,3409.484
159,0.0686,0.8267,0.0352,2810.672
40,0.8192,0.226,0.4174,2467.328
183,0.5416,0.5031,0.116,2918.25
120,0.5336,0.6836,0.241,3017.391
86,0.7172,0.6098,0.2801,3093.25
81,0.5162,0.458,0.4772,3095.781
17,0.6559,0.1311,0.0306,2395.75
150,0.5028,0.694,0.1021,2950.39
56,0.8388,0.4769,0.7915,3164.672
91,0.5778,0.5055,0.6436,3102.062
64,0.5284,0.4703,0.3939,3076.703
44,0.317,0.9577,0.9306,2534.156
10,0.7875,0.405,0.9586,3551.25
63,0.8863,0.5413,0.6756,3159.281
42,0.1066,0.9037,0.5632,2459.313
75,0.6605,0.722,0.5017,3141.047
110,0.2323,0.606,0.1198,2847.406
11,0.2454,0.6542,0.6318,2394.734
31,0.8883,0.0679,0.1323,2536.172
31,0.8086,0.3839,0.6478,3276.922
50,0.9592,0.3786,0.8352,3301.579
106,0.6741,0.6177,0.1946,3054.812
66,0.7086,0.4682,0.6395,3186.297
82,0.5151,0.0596,0.6421,3101.406
163,0.4684,0.4631,0.4573,3023.187
99,0.4693,0.5424,0.3621,3065.953
85,0.4773,0.1011,0.6384,3099.875
51,0.445,0.8464,0.7271,2488.719
118,0.0543,0.7003,0.0354,2776.391
182,0.1702,0.275,0.2112,2918.938
75,0.7447,0.339,0.7357,3141.047
125,0.3398,0.2836,0.4303,3011.75
132,0.2291,0.9935,0.2531,3020.813
186,0.2702,0.7322,0.0438,2894.14
47,0.4651,0.8711,0.6217,2474.344
6,0.0,1.0,1.0,2667.89
69,0.6803,0.4693,0.5938,3167.719
49,0.9875,0.4859,0.8023,3329.266
121,0.3894,0.7751,0.2676,2955.438
68,0.905,0.7132,0.8675,3196.859
65,0.6699,0.574,0.3968,2410.688
10,0.505,0.8022,0.8574,2676.578
33,0.4419,0.5946,0.5443,2488.86
39,0.9334,0.6705,0.8624,3194.735
81,0.508,0.3093,0.0,2315.407
83,0.6887,0.4077,0.4445,3099.563
22,0.8904,0.2243,0.9595,3531.578
59,0.8476,0.6177,0.4621,3158.406
84,0.7302,0.6078,0.3061,3104.64
111,0.3112,0.2305,0.478,3031.953
12,0.8662,0.0022,0.7107,2408.781
165,0.0,0.6548,0.0119,2793.39
44,0.6392,0.6673,0.8483,3199.485
16,0.6757,0.679,0.6781,2616.453
107,0.8046,0.5498,0.1509,3046.532
88,0.1035,0.7737,0.2144,2295.109
32,0.1564,0.6094,0.4995,2345.453
178,0.6771,0.4587,0.1655,2948.891
34,0.7627,0.5304,0.6241,2518.547
159,0.3025,0.7919,0.3855,3034.25
49,0.7684,0.2065,0.8366,3183.797
47,0.8643,0.1037,0.772,3265.016
162,0.0391,0.8834,0.0265,2801.625
33,0.7753,0.5882,0.6156,3260.594
131,0.2236,0.6279,0.1441,2883.265
72,0.3604,0.7944,0.5213,2403.234
189,0.0423,0.2058,0.1089,2875.641
72,0.4754,0.8356,0.5781,2403.234
64,0.6713,0.4252,0.61,3195.125
149,0.0623,0.9162,0.0617,2828.328
66,1.0,0.1177,0.3347,2402.125
54,0.5242,0.3773,0.4213,2322.0
25,0.7329,0.3501,0.7836,3235.031
54,0.8475,0.4022,0.7212,3266.093
12,0.9759,0.4155,0.8918,3384.094
90,0.5106,0.5644,0.433,3095.687
59,0.6138,0.4017,0.4831,3140.407
10,0.6845,0.7155,0.7755,2676.578
67,0.7155,0.4203,0.6205,3176.438
170,0.4164,0.7474,0.1712,2967.281
62,0.405,0.7873,0.5066,2409.906
61,0.7388,0.2538,0.1257,2420.671
111,0.5725,0.5815,0.2634,3031.953
83,0.2959,0.7158,0.1662,2897.875
76,0.5827,0.5031,0.5219,3122.125
70,0.6436,0.3996,0.6557,3160.843
25,0.9849,0.0963,0.9163,3431.937
24,0.8163,0.2465,0.818,2646.156
41,0.9167,0.212,0.7941,3321.844
46,0.8878,0.0658,0.7817,3275.328
105,0.6076,0.4891,0.2956,3051.484
79,0.5606,0.443,0.5039,3103.828
65,0.6872,0.4947,0.5992,3195.313
153,0.3749,0.6253,0.1832,2936.171
109,0.5395,0.8372,0.3662,3074.532
80,0.7317,0.6239,0.3132,3116.641
36,0.6646,0.6766,0.5985,2506.718
86,0.438,0.0832,0.6228,3093.25
75,0.1072,0.9106,0.4303,2373.89
74,0.5699,0.6512,0.6482,3159.172
30,0.3563,0.4272,0.4895,2342.453
18,0.4219,0.8956,0.7772,2532.531
161,0.02,0.6447,0.0327,2802.422
102,0.0804,0.8401,0.4289,2357.687
54,0.8083,0.344,0.8072,3171.36
76,0.6099,0.6359,0.4418,2383.234
100,0.415,0.6578,0.3197,3021.75
57,0.8198,0.2814,0.7278,3238.766
160,0.0705,0.5593,0.032,2811.485
41,0.7239,0.6108,0.5111,2466.125
28,0.7568,0.1856,0.8746,3220.219
80,0.5894,0.6406,0.3528,2360.172
75,0.3854,0.5812,0.2816,2983.547
104,0.4357,0.8865,0.3507,3020.11
68,0.6842,0.4483,0.6121,3167.593
91,0.8128,0.6731,0.3425,3102.062
175,0.4296,0.8145,0.151,2959.281
73,0.6744,0.1969,0.0154,2361.047
85,0.2636,0.7285,0.1382,2886.921
62,0.8878,0.4384,0.651,3157.969
142,0.4902,0.7723,0.43,3011.609
97,0.0892,0.8444,0.4665,2385.922
74,0.5141,0.8115,0.4666,2392.468
109,0.6958,0.8449,0.341,3074.532
63,0.7484,0.4376,0.6658,3203.578
60,0.84,0.6021,0.4262,3141.578
13,0.6621,0.7863,0.7357,2619.578
72,0.1185,0.9332,0.5603,2403.234
68,0.4482,0.7362,0.4378,2396.719
57,0.8993,0.7831,0.8216,3177.453
28,0.9605,0.0948,0.8927,3410.688
27,0.2662,0.7663,0.6563,2392.468
79,0.5432,0.1205,0.6864,3120.172
89,0.0836,0.9416,0.4409,2326.657
137,0.3945,0.5082,0.4852,3034.968
174,0.4267,0.6598,0.3271,2968.016
20,0.7726,0.3807,0.9808,3591.734
78,0.3436,0.807,0.4409,2359.296
103,0.5183,0.7491,0.4012,3079.235
76,0.1051,0.9121,0.4877,2383.234
137,0.1756,0.8394,0.1239,2873.453
196,0.6133,0.5197,0.0384,2836.609
38,0.9327,0.3562,0.4178,2488.734
84,0.4775,0.6345,0.4584,3085.625
19,0.9778,0.2382,0.8701,3390.281
114,0.1811,1.0,0.0847,2818.312
81,0.4806,0.4871,0.4236,3095.781
25,0.4444,0.5149,0.6619,2593.531
38,0.9458,0.0743,0.8528,3339.5
38,0.873,0.1299,0.084,2488.734
44,0.735,0.4188,0.8469,3199.485
129,0.204,0.6769,0.1752,2891.64
157,0.7166,0.7047,0.5352,3056.172
26,0.6902,0.7484,0.7201,2604.125
140,0.2512,0.1975,0.3712,2986.718
23,0.7211,0.2786,0.9887,2683.406
42,0.9717,0.3943,0.4661,3155.25
56,0.6774,0.2981,0.633,3238.109
5,0.5845,0.4911,0.9987,2786.578
139,0.1896,0.7305,0.1344,2874.234
18,1.0,0.1893,0.8702,3390.422
65,0.9113,0.3595,0.5409,3134.078
61,0.8449,0.5964,0.3896,3138.187
86,0.5487,0.6663,0.3375,2333.875
19,0.5005,0.61,0.576,2556.593
158,0.2926,0.5881,0.4518,3045.078
190,0.0574,0.1816,0.0738,2860.781
82,0.6379,0.4171,0.4679,3101.406
61,0.8906,0.1406,0.3456,2420.671
14,0.8586,0.4346,0.9362,3470.0
113,0.1669,0.8573,0.1097,2826.453
25,0.4783,0.7375,0.61,2403.234
14,0.8335,0.3845,0.6835,2640.016
81,0.865,0.5568,0.2734,3110.844
56,0.8768,0.3469,0.7175,3164.672
60,0.7237,0.4624,0.6485,3229.781
27,0.7523,0.4033,0.7386,3217.875
11,0.79,0.4231,0.9581,3530.25
178,0.4047,0.696,0.1627,2948.891
3,0.8239,0.2609,0.403,2818.578
71,0.6134,0.4742,0.515,3148.829
143,0.389,0.4646,0.3694,2985.953
157,0.0835,0.5614,0.0517,2819.437
4,0.9046,0.2756,0.9536,3404.719
70,0.1408,0.9485,0.7178,2444.703
111,0.1991,0.5745,0.1201,2849.281
157,0.0569,0.8501,0.0531,2819.437
76,0.5332,0.5069,0.4745,3122.125
93,0.3907,0.192,0.6168,3090.719
122,0.306,0.7933,0.2479,2937.625
30,0.4966,0.8551,0.7641,2525.609
17,0.4084,0.8766,0.7966,2565.109
95,0.1281,0.8731,0.1283,2846.64
112,0.271,0.1606,0.4581,3023.5
94,0.4615,0.6402,0.3906,3056.437
62,0.7004,0.7383,0.5544,3157.969
31,0.9488,0.18,0.9797,3470.672
146,0.0748,0.8379,0.0703,2837.328
121,0.6768,0.5901,0.1927,3022.14
21,0.4376,0.7459,0.6705,2396.719
59,0.3085,0.8264,0.6103,2408.781
32,0.8049,0.138,0.809,3188.625
85,0.849,0.5402,0.2658,3099.875
77,0.6775,0.1907,0.3242,2342.453
28,0.8641,0.4741,0.7076,3305.218
70,0.5576,0.6653,0.605,3160.843
132,0.6242,0.7809,0.2339,3020.813
47,0.4325,0.6737,0.6695,2396.407
48,0.2848,0.6777,0.9048,3183.516
53,0.6338,0.7011,0.6575,3176.016
64,0.352,0.9231,0.6035,2395.75
88,0.0601,0.8415,0.4499,2295.109
52,0.8788,0.5699,0.8506,3189.734
66,0.7888,0.6517,0.3657,3129.797
36,0.1594,0.9368,0.6541,2506.718
164,0.4764,0.5212,0.3075,2996.922
103,0.68,0.7842,0.336,3079.235
186,0.6122,0.455,0.0812,2894.14
41,0.7587,0.6365,0.436,2466.125
119,0.5553,0.6136,0.2392,3020.984
86,0.0784,0.9286,0.4535,2333.875
137,0.2722,0.8876,0.2494,3034.968
174,0.4476,0.8566,0.2046,2968.016
93,0.1431,0.7415,0.6436,2400.672
78,0.4987,0.4729,0.5403,3125.328
128,0.195,0.8075,0.1689,2901.187
45,0.8737,0.1539,0.1539,2521.985
171,0.7425,0.4044,0.1661,2962.609
168,0.4526,0.8328,0.2222,2989.828
122,0.3992,0.2275,0.4239,3009.016
151,0.1909,0.3315,0.265,2941.719
64,0.112,0.8258,0.4344,2395.75
80,0.4766,0.4345,0.4445,3095.094
103,0.1058,0.911,0.0503,2794.187
51,0.9263,0.684,0.8512,3189.985
129,0.2954,0.2422,0.381,2990.859
108,0.2894,0.7129,0.1665,2888.25
195,0.2006,0.883,0.1107,2866.234
81,0.4414,0.3618,0.368,2315.407
54,0.1496,0.9246,0.6237,2495.5
63,0.8406,0.7645,0.536,3159.281
31,0.7917,0.4072,0.6086,3200.969
31,0.3252,0.7878,0.5457,2359.296
149,0.5545,0.7751,0.158,2976.234
105,0.7606,0.575,0.1882,3051.484
131,0.1468,0.8442,0.1516,2883.265
61,0.6693,0.1407,0.7289,3138.187
117,0.1248,0.6909,0.0584,2783.25
96,0.4338,0.6079,0.4089,3083.25
99,0.0818,0.8365,0.4365,2363.047
83,0.1025,0.8845,0.3988,2327.157
191,0.0489,0.1993,0.0551,2852.844
34,0.7482,0.1406,0.852,3190.313
74,0.5669,0.5121,0.496,3131.625
2,0.6462,0.4593,0.9799,3672.344
78,0.1034,0.9474,0.4877,2359.296
71,0.6329,0.5169,0.5848,3148.829
41,0.9243,0.1825,0.022,2466.125
105,0.3895,0.8879,0.3308,3002.172
89,0.1751,0.676,0.1741,2884.406
166,0.0324,0.6016,0.0,2792.485
129,0.1686,0.9697,0.0179,2781.125
102,0.0586,0.9113,0.0584,2801.156
10,0.3953,0.1562,0.8335,3230.25
16,0.8655,0.5899,0.5602,2616.453
69,0.5018,0.7022,0.7331,3171.906
87,0.8142,0.0453,0.221,2317.453
115,0.8253,0.6146,0.292,3066.766
96,0.4352,0.6903,0.395,3039.218
44,0.9094,0.1285,0.8175,3312.078
92,0.134,0.8053,0.5275,2458.812
86,0.5932,0.4339,0.4311,3093.25
90,0.2084,0.5029,0.1196,2873.766
61,0.7426,0.3649,0.6291,3212.469
192,0.2856,0.6932,0.0183,2854.64
91,0.5384,0.7354,0.4528,3082.937
48,0.8529,0.26,0.836,3183.516
6,0.5012,0.2689,0.6226,2667.89
138,0.3635,0.3737,0.4303,3011.734
48,0.7983,0.1426,0.6771,3260.016
143,0.7472,0.5721,0.1427,2985.953
6,0.9766,0.7193,0.949,3411.766
40,0.5759,0.4553,0.3116,2467.328
48,0.6511,0.3022,0.8552,3183.516
73,0.7815,0.5086,0.7593,3151.047
146,0.0726,0.6043,0.0825,2837.328
18,0.2252,0.7462,0.5061,2532.531
75,0.5619,0.4961,0.4742,3121.907
29,0.9314,0.1684,0.8927,3410.718
153,0.4966,0.6474,0.069,2936.171
112,0.2008,0.6332,0.1029,2833.688
125,0.679,0.5982,0.1652,3011.75
63,0.8626,0.3488,0.3061,2416.672
173,0.5922,0.5917,0.2271,2973.281
46,0.1472,0.92,0.6748,2503.172
51,0.2033,0.745,0.4184,2488.719
36,0.7063,0.7152,0.5216,2506.718
79,0.5178,0.3789,0.4434,3103.828
65,0.7655,0.4503,0.6483,3195.313
30,0.7287,0.05,0.8998,3210.546
102,0.4479,0.668,0.3868,3069.0
78,0.4769,0.7338,0.4669,2359.296
124,0.2497,0.8259,0.2045,2918.375
158,0.5901,0.4977,0.509,3045.078
172,0.5673,0.4564,0.1813,2957.016
31,0.6879,0.0104,0.8772,3200.969
116,0.2985,0.862,0.2376,2937.984
43,0.9655,0.1924,0.847,3327.391
26,0.8535,0.4028,0.76,3317.547
18,0.7344,0.1314,0.8239,3234.343
98,0.163,0.8323,0.0759,2827.078
34,0.928,0.0275,0.8653,3386.0
98,0.4811,0.3952,0.5946,3081.297
51,0.9153,0.3152,0.8086,3283.563
68,0.3556,0.7657,0.8638,3196.859
89,0.3785,0.6676,0.365,2326.657
89,0.4558,0.1212,0.6112,3088.328
170,0.6037,0.4878,0.2163,2967.281
63,0.7719,0.4673,0.4305,2416.672
108,0.6086,0.8321,0.3411,3071.782
28,0.4951,0.3518,0.1414,2373.89
63,0.7099,0.4542,0.6193,3203.578
50,0.3379,1.0,0.6345,2385.922
122,0.6187,0.6142,0.1934,3009.016
104,0.4927,0.655,0.3667,3070.344
12,0.8747,0.464,0.6916,2673.0
68,0.2904,0.5918,0.8028,3196.859
115,0.5497,0.5313,0.5603,3066.766
173,0.3585,0.8622,0.1856,2973.281
128,0.2491,0.6223,0.1749,2901.187
52,0.8986,0.2209,0.7909,3275.125
52,0.7875,0.3955,0.806,3189.734
27,0.851,0.371,0.7051,2588.594
154,0.1257,0.5452,0.0725,2838.156
26,0.5535,0.3971,0.5515,2361.047
60,0.5901,0.6927,0.5559,2442.547
96,0.1476,0.8643,0.1346,2839.532
62,0.788,0.6115,0.7756,3157.969
54,0.6491,0.3268,0.5228,3172.562
24,0.7481,0.0585,0.9817,3245.25
165,0.0456,0.8718,0.0,2793.39
130,0.418,0.7109,0.4603,3024.453
57,0.5103,0.7679,0.5342,2440.547
119,0.2845,0.9962,0.2148,2929.375
41,0.7229,0.3802,0.5845,3239.344
85,0.3392,0.9217,0.4733,2329.375
59,0.9253,0.3184,0.6547,3158.406
156,0.0906,0.829,0.0442,2829.625
71,0.7675,0.2816,0.0875,2412.25
27,0.9902,0.3796,0.5534,2588.594
64,0.2757,0.8844,0.5975,2395.75
119,0.4494,0.247,0.4521,3020.984
60,0.7152,0.5409,0.4276,2442.547
